term,#messages,#instances
"#halifax",981,987
"#novascotia",131,131
"today",81,81
"march",76,80
"halifax",70,70
"news",54,54
"friday",54,54
"afternoon",52,52
"clearview",47,47
"tickets",46,57
"police",41,41
"program",40,40
"recognition",39,39
"controversial",38,38
"facial",38,38
"global",38,38
"year",38,38
"officer",37,37
"great",37,37
"free",37,42
"denials",37,37
"#atlanticcanada",37,37
"confirmed",36,36
"multiple",35,35
"investigated",35,35
"#cybersecurity",35,35
"https://t.co/ocywhlpnvc",35,35
"#atlseccon",35,35
"regional",35,35
"canada’s",35,35
"#infosec",35,35
"software",35,35
"privacy",35,35
"commissioner",35,35
"power",33,45
"february",32,32
"#lokol",32,32
"love",31,32
"join",31,31
"make",31,31
"treat",30,30
"show",30,34
"find",29,29
"check",29,29
"weather",28,28
"call",28,28
"april",28,33
"shearwater",27,27
"#hbff20",27,33
"road",27,27
"#nspoli",26,26
"left",26,28
"nasty",26,26
"can’t",25,25
"#halifaxferry",25,25
"#womenintech",25,25
"community",25,33
"https://t.co/8ejlwh3m9v",25,25
"weekend",25,25
"announce",24,24
"family",24,24
"pleased",24,24
"city",24,25
"work",23,23
"traffic",23,23
"keynote",23,23
"tonight",23,23
"care",23,23
"place",23,27
"back",22,22
"returning",22,22
"#wosec",22,22
"janca",22,22
"#owasp",22,22
"#appsec",22,22
"happening",22,22
"tanya",22,22
"woo-hoo",22,22
"@shehackspurple",22,22
"#devsecops",22,22
"#hfx",21,21
"working",21,21
"#weather",21,21
"library",21,21
"https://t.co/sw3l1jjzqe",21,21
"nova",21,22
"time",21,22
"#vancouver",20,20
"live",20,20
"click",20,20
"#bhm",20,20
"info",20,20
"link",20,20
"#montreal",19,19
"week",19,19
"https://t.co/pfqfgjembt",19,19
"local",19,19
"it’s",19,21
"opening",19,19
"scotia",19,19
"talk",19,24
"tomorrow",18,18
"team",18,21
"extra",18,18
"safely",18,18
"lovely",18,18
"#toronto",18,18
"#huddersfield",18,18
"wait",18,18
"@thepiecehall",18,18
"sale",18,18
"#hfxtraffic",18,19
"building",18,18
"respond",18,18
"#film",18,18
"#yorkshire",18,18
"home",18,18
"lights",18,19
"days",17,17
"area",17,17
"youth",17,28
"crews",17,17
"outages",16,16
"remember",16,16
"amazing",16,16
"https://t.co/utjcoy1udz",16,16
"arts",16,16
"night",16,20
"#diversity",16,16
"street",16,16
"presented",16,16
"create",15,19
"four-way",15,15
"#africanheritagemonth",15,15
"details",15,15
"#staysafe",15,15
"#hrm",15,15
"quickly",15,15
"#calderdale",15,18
"commute",15,15
"information",15,15
"stops",15,15
"saturday",15,15
"#inclusion",15,15
"life",15,15
"films",15,17
"enter",15,15
"intersections",15,15
"canada",15,15
"impacting",15,15
"open",15,15
"#canada",14,14
"events",14,14
"black",14,15
"group",14,14
"town",14,16
"hard",14,14
"month",14,17
"young",14,14
"appointment",14,25
"beautiful",14,16
"centre",14,14
"#cfp",13,13
"wind",13,13
"change",13,13
"morning",13,13
"#ottawa",13,13
"watch",13,13
"technology",13,13
"anymore",13,13
"papers",13,13
"people",13,13
"annual",13,13
"#gentlemanjack",13,13
"#nsstorm",13,13
"save",12,12
"runs",12,12
"banjo",12,12
"hungry",12,12
"#festival",12,12
"winter",12,13
"#dartmouth",12,12
"#northyorkshire",12,12
"plse",12,12
"event",12,12
"special",12,12
"starting",12,12
"owner",12,12
"learn",12,14
"#northern",12,12
"#teamzay",12,12
"discover",12,12
"#rescuedogs",12,12
"#blackhistorymonth",12,12
"https://t.co/f26e5ugjkk",12,12
"retweeting",12,12
"food",12,12
"share",12,12
"https://t.co/axuxfmzss7",12,12
"hope",12,12
"#saturday",12,12
"post",11,11
"https://t.co/r9cqnaxowh",11,11
"meal",11,11
"driving",11,11
"#calgary",11,11
"supporter",11,11
"adult",11,11
"eligibility",11,11
"things",11,11
"office",11,11
"https://t.co/4pugixsdmv",11,11
"leap",11,11
"https://t.co/bhgnidgamv",11,11
"requirements",11,11
"taxes",11,11
"https://t.co/k2yrfdz26w",11,11
"clinics",11,11
"donation",11,11
"good",11,11
"side",11,19
"@hfxregpolice",11,11
"conference",11,11
"understand",11,11
"hiring",11,11
"https://t.co/czyvcjzxg5",10,10
"pics",10,10
"unveiled",10,10
"chapel",10,10
"visit",10,10
"outage",10,10
"panel",10,10
"partners",10,10
"lead",10,10
"@squarechapel",10,10
"#bradford",10,10
"drivers",10,10
"registration",10,11
"concert",10,10
"info/tix",10,10
"play",10,10
"@td_canada",10,10
"fundraising",10,10
"@q104halifax",10,10
"game",10,13
"yesterday",10,10
"technique",10,10
"public",10,10
"workshop",10,10
"@hablackfilmfest",10,10
"ready",10,10
"colour",10,10
"beat",10,10
"#fcht",10,10
"square",10,10
"@halifaxnoise",10,10
"tech",10,10
"film",9,10
"#leeds",9,9
"idea",9,9
"brand",9,9
"silver",9,11
"space",9,9
"experience",9,9
"celebrations",9,9
"leaders",9,9
"breton",9,13
"water",9,9
"exciting",9,9
"full",9,9
"stay",9,9
"inside",9,9
"online",9,10
"tired",9,9
"support",9,9
"#love",9,9
"reply",9,9
"spring",9,9
"women",9,9
"supervision",9,9
"register",9,9
"barometer",9,9
"response",9,9
"limited",9,9
"records",9,9
"sold",9,11
"#clearviewai",9,9
"@nspowerinc",9,9
"began",9,9
"implementation",9,9
"@privacylawyer",9,9
"https://t.co/ocywhl7n44",9,9
"#halifaxnoise",9,9
"required",9,9
"cape",9,13
"updated",9,9
"east",9,10
"#annelister",9,9
"investigative",9,9
"lives",8,8
"business",8,9
"#edmonton",8,8
"hall",8,9
"narrow",8,8
"spud",8,8
"#capebreton",8,8
"@victheatre",8,8
"give",8,9
"screen",8,8
"takes",8,8
"stand",8,8
"yield",8,8
"mystery",8,8
"happy",8,8
"market",8,9
"right-of-way",8,8
"cool",8,8
"story",8,8
"@hfxgov",8,8
"https://t.co/xr8zttysff",8,8
"rule",8,8
"housing",8,8
"begin",8,8
"unobstructed",8,8
"obstruction",8,16
"artists",8,8
"children",8,8
"@lastfridayclub",8,8
"#coronavirus",8,8
"sharing",8,8
"@stephenmcneil",8,8
"rush",8,8
"buildings",8,8
"#winnipeg",8,8
"climbing",8,10
"gusts",8,8
"snow",8,10
"@calderdale",8,8
"mary",8,8
"fans",8,8
"downtown",8,8
"#onpoli",7,7
"long",7,9
"https://t.co/1x7opbzgk6",7,7
"#lowes",7,7
"labour",7,14
"projects",7,7
"photo",7,7
"wonderful",7,7
"light",7,7
"@kj_apa",7,7
"#chesterfield",7,7
"founder",7,7
"taking",7,7
"famous",7,7
"donald",7,7
"ties",7,7
"feel",7,7
"sunday",7,7
"https://t.co/1png5ib632",7,7
"#canpoli",7,7
"danny",7,7
"follow",7,7
"park",7,7
"helping",7,7
"theatre",7,7
"11th",7,7
"#rona",7,7
"chip",7,7
"david",7,7
"main",7,7
"coming",7,7
"evening",7,7
"he’s",7,7
"provide",7,7
"piece",7,8
"#riverdale",7,7
"#iwd2020",7,7
"shortall",7,7
"don’t",7,7
"13th",7,7
"monday",7,7
"#eastcoast",7,7
"#hardwarestore",7,7
"cameron",7,7
"environmentalists",7,7
"mark",7,7
"urban",7,7
"stop",7,7
"federation",7,7
"point",7,7
"assault",7,7
"built",7,7
"date",7,9
"#win",7,7
"november",7,7
"#istillbelieve",7,7
"years",7,7
"times",7,7
"wagon",7,7
"overnight",7,7
"20,000",7,7
"#livemusic",7,7
"@calderdalefound",7,7
"westin",7,7
"@cove17",7,7
"@realbritt_rob",7,7
"fantastic",7,7
"sherri",7,7
"inspiring",7,7
"couple",7,10
"parking",7,9
"passes",7,7
"#westyorkshire",7,7
"cavanagh",7,7
"pictou",7,7
"giving",7,7
"#keighley",7,7
"cross",6,6
"#screenprinting",6,6
"sunny",6,6
"sarah",6,6
"@argylefineart",6,6
"awesome",6,6
"24.1km",6,6
"preparing",6,6
"enjoying",6,6
"spaces",6,6
"commercial",6,6
"#spireites",6,6
"#music",6,6
"increase",6,10
"https://t.co/uw1zr3i6om",6,6
"#covid19",6,6
"facts",6,6
"meet",6,6
"book",6,8
"https://t.co/qcz5iwbsra",6,6
"hosted",6,6
"house",6,6
"bedford",6,6
"twitter",6,6
"hicks",6,6
"quick",6,6
"goal",6,6
"hours",6,6
"edition",6,6
"financial",6,6
"#sheffield",6,6
"schools",6,6
"affordable",6,6
"kick",6,6
"seat",6,6
"https://t.co/7nqo15e1pp",6,6
"#animation",6,6
"div4",6,6
"members",6,6
"#retail",6,6
"@hfxtraffic",6,6
"att.3,045",6,6
"miserably",6,6
"model",6,6
"bursting",6,6
"closed",6,6
"travel",6,6
"school",6,7
"pretty",6,6
"found",6,6
"beauty",6,6
"image",6,7
"including",6,6
"902.423.5049",6,6
"lindsay",6,6
"original",6,6
"@wayemason",6,6
"#madeincanada",6,12
"excited",6,6
"#apparel",6,6
"celebrate",6,6
"indoor",6,8
"woman",6,6
"media",6,6
"history",6,6
"#deanclough",6,6
"rock",6,6
"11am",6,6
"chesterfield",6,6
"#diy",6,6
"grant",6,6
"#halifaxns",6,6
"25/4/64",6,6
"https://t.co/sxxyjfe3f5",6,6
"weeks",6,6
"making",6,6
"white",6,6
"@overgatehospice",6,6
"#realestate",6,6
"putting",6,6
"#northend",6,6
"chat",6,6
"#thecarleton",6,6
"#leapyear2020",6,6
"grey",6,6
"super",6,6
"@aus_sua",6,6
"pair",6,6
"#handprinted",6,6
"hand",6,6
"basketball",6,6
"heights",6,6
"services",6,8
"sexual",6,6
"#sydney",6,6
"booking",6,6
"10am",6,6
"#jobs",6,6
"@hrce_ns",6,6
"@visitcalderdale",6,6
"trip",6,6
"west",6,6
"#poweroutage",6,6
"service",6,6
"appeal",6,6
"quinpool",6,6
"grand",6,6
"@1015_the_hawk",5,5
"miss",5,5
"19th",5,5
"issues",5,5
"#leapday",5,5
"#burnley",5,5
"months",5,5
"lots",5,5
"embraces",5,5
"refugees",5,5
"https://t.co/zriuoox36v",5,5
"#piecehall",5,5
"bday",5,5
"https://t.co/tjjqcrbsaj",5,5
"teams",5,5
"restoration",5,5
"nicest",5,5
"#quebec",5,5
"#architecture",5,5
"latest",5,6
"purchase",5,5
"@grandadwheels",5,5
"ticket",5,5
"donate",5,5
"rachel",5,5
"festival",5,5
"education",5,5
"walker",5,5
"sandwich",5,9
"pre-gig",5,5
"scamper",5,5
"27th",5,5
"energy",5,6
"previous",5,5
"#wakefield",5,5
"form",5,5
"enjoyed",5,5
"printed",5,5
"performing",5,5
"discussions",5,5
"conversations",5,5
"numbers”",5,5
"leave",5,5
"cineplex",5,5
"lost",5,5
"palestinians’",5,5
"enjoy",5,5
"i’ll",5,5
"ancient",5,5
"properties",5,5
"future",5,5
"@scotiabankctr",5,5
"plan",5,5
"shit",5,6
"coronavirus",5,5
"questions",5,5
"charged",5,5
"#derby",5,5
"tied",5,5
"courtyard",5,5
"opportunity",5,5
"minds",5,5
"https://t.co/qjgvheoqcl",5,5
"account",5,5
"band",5,5
"#cdnpoli",5,5
"#solidarity",5,5
"#polarplunge",5,5
"5-6pm",5,5
"expected",5,5
"anne",5,5
"mayor",5,6
"#yeg",5,5
"member",5,5
"world",5,5
"thought",5,5
"@square",5,5
"mind",5,5
"‘celebrating",5,5
"sign",5,5
"dreary",5,5
"driver",5,5
"https://t.co/d9frfcjmfn",5,5
"#shoplocalhfx",5,5
"#lost",5,5
"focus",5,6
"daughter",5,5
"sound",5,5
"@newsbag",5,5
"canadian",5,5
"includes",5,5
"expose",5,5
"staff",5,5
"apply",5,5
"cooking",5,5
"chance",5,5
"ship",5,5
"video",5,5
"glover",5,5
"storm",5,5
"minutes",5,5
"grid",5,9
"#legislature",5,5
"tour",5,5
"elementary",5,5
"move",5,5
"adding",5,5
"#shoplocal",5,5
"pride",5,5
"forward",5,6
"#annwalker",5,5
"#workplacebullying",5,5
"wine",5,5
"session",5,5
"proud",5,5
"physicality’",5,5
"characters",5,5
"10pm",5,5
"https://t.co/j4fybprzyd",5,5
"female",5,5
"athletes",5,5
"#topoli",5,5
"students",5,5
"#eastpeakclimbing",5,5
"#shophandmade",5,5
"#education",5,5
"29th",5,5
"peak",5,5
"turned",5,5
"spent",5,5
"@nsndp",5,5
"prog",5,5
"health",5,5
"here’s",5,5
"picture",5,5
"shares",5,5
"historic",5,5
"plant",5,5
"shop",5,5
"https://t.co/x0f8q4nqit",5,5
"#blackhistory",5,5
"#halifax’s",5,5
"lister",5,5
"sunshine",5,5
"21st",5,5
"#palestine",5,5
"july",5,5
"https://t.co/zxozvzktio",5,5
"https://t.co/dzr9sfxucs",5,5
"price",5,5
"kids",5,5
"delicious",5,5
"#history",5,5
"complete",5,5
"sports",5,5
"stanfield",5,5
"blue",5,5
"#yyc",5,5
"political",5,5
"choose",4,4
"brown",4,4
"#scanme",4,4
"#halifaxnews",4,4
"build",4,4
"ovenden",4,4
"https://t.co/row20xpstm",4,4
"deal",4,4
"music",4,6
"@mikesavagehfx",4,4
"rent",4,12
"prior",4,4
"partnership",4,4
"truro",4,4
"kits",4,4
"#farmersmarket",4,4
"#mooseheads",4,4
"https://t.co/fvqvrqwqfe",4,4
"executive",4,4
"improving",4,4
"https://t.co/uj1uogg8ef",4,4
"matt",4,8
"#hx2",4,4
"#idw2020",4,4
"startup",4,4
"https://t.co/p9yqnheydl",4,4
"#nonleague",4,4
"#rochdale",4,4
"#noticing",4,4
"12:30",4,4
"#throwback",4,4
"#nsproud",4,4
"#downtownhalifax",4,4
"#britishgirl",4,4
"outs",4,4
"#bullynomore",4,4
"award-winning",4,4
"monthly",4,4
"https://t.co/yvh2ey9b5v",4,4
"https://t.co/zcrrwxunkq",4,4
"#payitforward",4,4
"regulations",4,4
"prepare",4,4
"https://t.co/zqwj3dkrey",4,4
"https://t.co/dyiiqydacx",4,4
"sweet",4,4
"@womxninpolicy",4,4
"@mattwhitman2020",4,4
"#equitywatch",4,4
"@youtube",4,4
"soooo",4,4
"https://t.co/t5adkhqe1m",4,4
"wheel",4,4
"#affordablehousing",4,4
"@nsleg",4,4
"project",4,4
"#coventry",4,4
"province",4,4
"unusual",4,4
"garden",4,4
"facing",4,4
"informed",4,4
"#supportlocal",4,4
"level",4,6
"https://t.co/hvttlcidck",4,4
"thread",4,4
"https://t.co/icvx7urpfa",4,4
"#design",4,4
"#birmingham",4,4
"@halifaxwater",4,4
"rollers",4,4
"branches",4,4
"#bolton",4,4
"@hfxmooseheads",4,4
"listen",4,4
"#saintjohn",4,4
"running",4,4
"filled",4,4
"outrage",4,4
"absolutely",4,4
"owners",4,4
"#halifaxuk",4,4
"@tradingroomstph",4,4
"preparation",4,4
"#equality",4,4
"trial",4,4
"@midyorkschamber",4,4
"print",4,5
"imagination",4,4
"@oanndivine,@arielgough",4,4
"https://t.co/g6kdzepixv",4,4
"#hrce",4,4
"#construction",4,4
"phenomenal",4,4
"annex",4,4
"7.30pm",4,4
"#worldbookday2020",4,4
"income",4,4
"#stokeontrent",4,4
"#rally",4,4
"industry",4,4
"https://t.co/h1v5v2jwjf",4,4
"games",4,4
"#support",4,4
"#nextlevel",4,4
"urgently",4,4
"≥0°c",4,4
"https://t.co/hsozpymbbd",4,4
"@sonlatinohfx",4,4
"storytime",4,4
"breed",4,4
"gottingen",4,4
"edges",4,4
"position",4,4
"https://t.co/cvk5ik5br6",4,4
"culture",4,4
"lose",4,4
"reduce",4,4
"#shaymen",4,4
"dancing",4,4
"busy",4,4
"joke",4,4
"#videos",4,4
"https://t.co/rz0dnpqksh",4,4
"folks",4,4
"@marqueeballroom",4,4
"co-op",4,4
"episode",4,4
"season",4,4
"nailing",4,4
"freeman",4,4
"@ns_dcs",4,4
"denim",4,4
"https://t.co/tsqf3vrlmp",4,4
"https://t.co/mynkjmjpgm",4,4
"heard",4,4
"catching",4,4
"#worldbookday",4,4
"#humanrights",4,4
"stage",4,4
"started",4,4
"control",4,4
"https://t.co/oraqdsequp",4,4
"urchin",4,4
"@goodlifekids",4,4
"roads",4,4
"venue",4,4
"r.s.v.p",4,4
"cheap",4,4
"videos",4,4
"hottest",4,4
"#oldham",4,4
"edge",4,4
"finally",4,4
"egypt",4,4
"civic",4,4
"#letsdothis",4,4
"@kellyoneil60",4,4
"@barclaysuk",4,4
"small",4,4
"@buckcherry",4,4
"https://t.co/rw2g4jgxxt",4,4
"snowshower",4,4
"@macronsports",4,4
"release",4,4
"wednesday",4,4
"https://t.co/f9mijklpy8",4,4
"requires",4,4
"kooten",4,4
"whitman",4,6
"#housing",4,4
"expect",4,4
"seniors",4,4
"anna",4,4
"7-14th",4,4
"large",4,4
"#workshops",4,4
"#stid",4,4
"#radio",4,4
"🥶❄️💦",4,4
"#freshfood",4,4
"facebook",4,4
"#tagged",4,4
"stephen",4,4
"❤️💝#mscharlottequinn",4,4
"#dewsbury",4,4
"eastern",4,7
"atlantic",4,4
"sackville",4,8
"cruise",4,4
"cityhall",4,4
"https://t.co/jtxopore1o",4,4
"#halifaxtown",4,4
"moor",4,4
"#livemusicinhalifax🎶",4,4
"damn",4,4
"#pellon",4,4
"#vlogger",4,4
"engaging",4,4
"entire",4,4
"@charity_angels",4,4
"capers",4,4
"#spatztheatre",4,4
"#property",4,4
"exchanges",4,4
"@cresswells_hb",4,4
"sends",4,4
"development",4,4
"lane",4,4
"heritage",4,5
"#subscribenow",4,4
"@sbasackville",4,4
"@gocapersgo",4,4
"plaid",4,4
"vacation",4,4
"menu",4,4
"artifacts",4,4
"https://t.co/bgkqqu1kqu",4,4
"#sackville",4,4
"rate",4,4
"mins",4,4
"listing",4,4
"@thebcrofficial",4,4
"tonight’s",4,4
"loud",4,4
"region",4,4
"joining",4,4
"#luton",4,4
"engagement",4,4
"calls",4,4
"#walsall",4,4
"weekly",4,4
"depicted",4,4
"🆘pixie",4,4
"experts",4,4
"central",4,4
"leagues",4,4
"#subscribe",4,4
"fairview",4,4
"#rent",4,4
"generation",4,4
"mention",4,4
"1:30",4,4
"#glasgow",4,4
"https://t.co/pw35zhmxl0",4,4
"#nottingham",4,4
"podcast",4,4
"https://t.co/ceo5042qxi",4,4
"#school",4,4
"#leapyear",4,4
"#bucketlist",4,4
"filmmakers",4,4
"https://t.co/r9v7id0wj5",4,4
"#bury",4,4
"custom",4,4
"@twitcoast",4,4
"https://t.co/2b9t07cyzx",4,4
"#capers",4,4
"half",4,4
"tree",4,4
"@cbuniversity",4,4
"#maritimes",4,4
"collapses",4,4
"established",4,4
"production",4,4
"ideas",4,4
"turn",4,6
"#airbnb",4,4
"front",4,4
"@deanclough",4,4
"perks",4,4
"matter",4,4
"latin",4,4
"https://t.co/oc1y86dpza",4,4
"#freezinforareason",4,4
"#coyw",4,4
"noticed",4,4
"means",4,4
"league",4,4
"#crt",4,4
"@sack_vegas",4,4
"@globalhalifax",4,4
"utterly",4,4
"diversity",4,4
"1-br",4,4
"#tbt",4,4
"#gin",4,4
"#blackburn",4,4
"feb.28",4,4
"stores",4,4
"@specialons",4,4
"donating",4,4
"#discoverhx",4,4
"gold",4,6
"sick",4,4
"attend",3,3
"site",3,3
"@infostaugs",3,3
"author",3,3
"20-30",3,3
"#trees",3,3
"walking",3,3
"touch",3,3
"skies",3,3
"classic",3,3
"climb",3,3
"#shibdenhall",3,3
"waterfront",3,3
"flowers",3,3
"survey",3,3
"empower",3,3
"dark",3,3
"closing",3,3
"#egyptology",3,3
"enforced",3,3
"🗣🛳🇨🇦",3,3
"parked",3,3
"https://t.co/lnjwstaibl",3,3
"tricky",3,3
"i’ve",3,3
"https://t.co/t7pqbjcwpm",3,3
"secure",3,3
"#winetime",3,3
"#flooding",3,6
"#rape",3,3
"#nbstorm",3,3
"#arts",3,3
"@rbatherson",3,3
"approximately",3,3
"#yvr",3,3
"general",3,3
"quebec",3,3
"#review",3,3
"https://t.co/hwboacuaqy",3,3
"@halifaxhipster",3,3
"playing",3,5
"bought",3,3
"https://t.co/wy5jafd4fu",3,3
"y’all",3,3
"vessel",3,3
"@spatztheatre",3,3
"country",3,3
"lines",3,3
"views",3,3
"@hfxpublib",3,3
"range",3,3
"chick",3,3
"isn’t",3,3
"https://t.co/yaqrljbh0y",3,3
"volunteers",3,3
"tombs",3,3
"possibilities",3,3
"modular",3,3
"https://t.co/0lec8wrvjy",3,3
"#halifaxwaterfront",3,3
"@treesponsibilit",3,3
"elusive",3,3
"@bfi",3,3
"https://t.co/s2zpoyflcu",3,3
"social",3,3
"coast",3,3
"3-way",3,3
"cold",3,3
"mythical",3,3
"https://t.co/5gqpq3hzjx",3,3
"true",3,3
"alberta",3,3
"task",3,3
"#winesale",3,3
"immediately",3,3
"widespread",3,3
"@davethefilm",3,3
"case",3,3
"andy",3,3
"#floodaid",3,3
"under-age",3,3
"#contest",3,3
"congrats",3,4
"bigger",3,3
"revolutionizing",3,3
"#aus",3,3
"starts",3,3
"#nfm",3,3
"#indiedev",3,3
"workers",3,4
"coordinator",3,3
"fashion",3,3
"stocked",3,3
"https://t.co/pqb3aftyal",3,3
"#gomoosego",3,3
"race",3,3
"https://t.co/xg7dcvitl0",3,3
"#room",3,3
"double",3,3
"association",3,3
"‘this",3,6
"https://t.co/cdeitzdfjv",3,3
"choice",3,3
"#halifaxloud",3,3
"volunteer",3,3
"location",3,3
"#scotiabankcenter",3,3
"#learning",3,3
"@ticketatlantic",3,3
"@jenn_flight",3,3
"https://t.co/17my0tru3d",3,3
"guess",3,3
"@bexsaunders7",3,3
"cynthia.vansundert@bdc.ca",3,3
"trail",3,3
"@busstoptheatre",3,3
"movie",3,4
"26km/h",3,3
"wearable",3,3
"energetic",3,3
"museum",3,3
"machine",3,3
"halifaxlookbook",3,3
"forget",3,3
"partner",3,3
"agricola",3,3
"mainland",3,3
"350,000",3,3
"#membertou",3,3
"reporting",3,3
"paul",3,3
"kissed",3,3
"https://t.co/tgsydmce0m",3,3
"harbor",3,3
"french",3,5
"@nseducation",3,3
"seedy",3,3
"carrying",3,3
"marooned",3,3
"#mummification",3,3
"expecting",3,3
"@pernicegiovann1",3,3
"#narcityhalifax",3,6
"reviews",3,3
"contact",3,3
"women’s",3,3
"learning",3,3
"#yql",3,3
"#gamedev",3,3
"shaymen",3,3
"#bedford",3,3
"fascinating",3,3
"10-20",3,3
"institution",3,3
"x-site",3,3
"#bingley",3,3
"shot",3,3
"line",3,3
"hospital",3,3
"early",3,3
"https://t.co/xrqcglje0e",3,3
"strong",3,3
"brit",3,3
"https://t.co/qssnstp1z5",3,3
"#halifaxlocal",3,3
"#bridgewater",3,3
"stupid",3,5
"rebecca",3,3
"cinemas",3,3
"auditorium",3,4
"#scoobydoo",3,3
"https://t.co/r2dpryemng",3,3
"#leapyearsale",3,3
"finals",3,3
"summer",3,3
"egyptian",3,3
"bullseyes",3,3
"#security",3,3
"#usa",3,3
"scaffolding",3,6
"#harrogate",3,3
"endless",3,3
"soaking",3,3
"parish",3,3
"english",3,3
"cohn",3,3
"#ableg",3,3
"alan",3,3
"kind",3,5
"#fall",3,3
"research",3,3
"pedophiles",3,3
"#climatecrisis",3,3
"perfect",3,3
"lasting",3,3
"#nafeesbakers",3,3
"unfair",3,3
"industrial",3,3
"gameday",3,3
"the museum",3,3
"#yqf",3,3
"#sundaylunch",3,3
"https://t.co/ahm8laob0u",3,3
"@scoobylivetour",3,3
"chances",3,3
"hitting",3,3
"vancouver",3,3
"question",3,3
"charge",3,3
"fear",3,3
"boys",3,3
"#thepowerof100",3,3
"#rockymountainhouse",3,3
"https://t.co/c7mfdc2khq",3,3
"@hfxthunderbirds",3,3
"literacy",3,6
"@theglorioussons",3,3
"locally",3,3
"tools",3,3
"#builtheritage",3,3
"satisfaction",3,3
"mooseheads",3,3
"flood",3,3
"close",3,3
"we’re",3,3
"#educationtechnology",3,3
"@canadian_mre",3,3
"municipality",3,3
"affected",3,3
"https://t.co/3gowpi67ss",3,3
"forecast",3,3
"coffee",3,3
"@chevypanthers",3,3
"#socialmediamaven",3,3
"#podcast",3,3
"wettest",3,3
"products",3,3
"natural",3,3
"#moncton",3,3
"taxi",3,3
"@nsteachersunion",3,3
"ladies",3,3
"#witfund",3,3
"#qmjhl",3,3
"https://t.co/muqbnbjnph",3,3
"https://t.co/8ydrk8lfyt",3,3
"hear",3,3
"https://t.co/9t72c4vbog",3,3
"https://t.co/aafltnm5xi",3,3
"discuss",3,3
"#newrestaurant",3,3
"thing",3,4
"pyramids",3,3
"archibald",3,3
"legal",3,3
"https://t.co/wfvcjlqhyq",3,3
"https://t.co/hozruyhxfq",3,3
"#gifts",3,3
"@smuhalifax",3,3
"doors",3,3
"rainy",3,3
"you?”",3,3
"females",3,3
"“can",3,6
"visits",3,3
"@thebeaconhx",3,3
"ed-tech",3,3
"outdated",3,3
"#training",3,3
"#opening",3,3
"#leapyearday",3,3
"pounce",3,3
"avoid",3,3
"jackalope",3,3
"#truro",3,3
"#dyk",3,3
"growing",3,3
"pack",3,3
"achieve",3,3
"https://t.co/z2f5fthmxu",3,3
"#halifaxwine",3,3
"#educationforall",3,3
"@watermarkfund",3,3
"snowfall",3,3
"@lukaszukab",3,3
"#cbrm",3,3
"#socialmediamarketing",3,3
"talks",3,3
"eternal",3,3
"beauties",3,3
"#home",3,3
"responds",3,3
"amounts",3,3
"maritimes",3,6
"healthcare",3,3
"spots",3,3
"#racialprofiling",3,3
"#art",3,3
"launch",3,3
"continuing",3,3
"#younameit",3,3
"#newmenu",3,3
"https://t.co/hbvhhosuh2",3,3
"highest",3,3
"fall",3,3
"https://t.co/ozftsooirj",3,3
"argyle",3,3
"#teaching",3,3
"https://t.co/b1hxmq9i65",3,3
"#globalahalifax",3,3
"quotation",3,3
"horrible",3,3
"rain",3,3
"‘#shipley",3,3
"12th",3,3
"#nsed",3,3
"hotel",3,3
"craft",3,3
"child",3,3
"investor",3,3
"crew",3,3
"mixer",3,3
"⏳less",3,3
"https://t.co/jpbl0tvsfl",3,3
"@jamesmullinger",3,3
"@adriaklein_read",3,3
"access",3,3
"sarcophagi",3,3
"https://t.co/rjyvtsuiui",3,3
"dale",3,3
"precipitation",3,3
"added",3,3
"mummies",3,6
"advertise",3,3
"jump",3,3
"https://t.co/lehovpyxw0",3,3
"halifamous",3,3
"treesponsibility@yahoo.co.uk",3,3
"foot",3,3
"made",3,3
"#market",3,3
"https://t.co/esou56k8ft",3,3
"private",3,3
"#acousticguitar",3,3
"spareroom",3,3
"evoke",3,3
"beer",3,3
"ambitious",3,3
"spot",3,3
"#quinpoolroad",3,3
"connections",3,3
"binogi",3,3
"unlike",3,3
"@fm_phoenix",3,3
"continues",3,3
"#cruiseindustry",3,3
"champions",3,3
"a-ma-zing",3,3
"https://t.co/hioj0wd9t1",3,3
"works",3,3
"rise",3,3
"worth",3,3
"domestic",3,3
"@hfx_events",3,3
"room",3,3
"12pm",3,3
"#throwbackthursday",3,3
"chief",3,3
"politician",3,4
"#halifaxhour",3,3
"read",3,3
"#halifaxnightlife",3,3
"#drag",3,3
"walks",3,6
"grow",3,3
"election",3,3
"@atlseccon",3,3
"record",3,3
"guests",3,3
"#varietyshow",3,3
"#pedophile",3,3
"https://t.co/dr2j05afwt",3,3
"#edtech",3,3
"reinvent",3,3
"panthers",3,3
"advert",3,3
"https://t.co/2udmlzjwql",3,3
"website",3,3
"cocktails",3,3
"calling",3,3
"#hfx_music",3,3
"screenings",3,3
"decides",3,3
"#metoo",3,3
"@chronicleherald",3,3
"https://t.co/fgbn90lavm",3,3
"whilst",3,3
"heads",3,3
"#comedytour",3,3
"promote",3,3
"#floodrisk",3,3
"#coolchick",3,3
"temporary",3,3
"@portofhalifax",3,3
"#xsite",3,3
"#storm",3,3
"https://t.co/a7ssaqczbm",3,3
"gallery",3,4
"@flawintheiris",3,3
"disciplines",3,3
"https://t.co/acltrbt4il",3,3
"#availableattheshop",3,3
"men’s",3,3
"#nonleaguefootball",3,3
"veggies",3,3
"throw",3,3
"correct",3,3
"playoff",3,3
"bousquet",3,6
"100+",3,3
"#notmyalberta",3,3
"#developer",3,3
"🎟https://t.co/jsdkbby1dc🎟",3,3
"romantic",3,3
"brasserie",3,3
"#nscad",3,3
"hosting",3,3
"@stationsixfire",3,3
"https://t.co/celmafxnzi",3,3
"@theatre_viaduct",3,3
"popular",2,2
"“up-scale”",2,2
"https://t.co/ybdnlpshzb",2,2
"https://t.co/jmgybn29y9",2,2
"@thensfmhl",2,2
"drop",2,2
"#origamilily",2,2
"https://t.co/0n8o2e0hvh",2,2
"fire",2,2
"elderflower",2,2
"recommend",2,2
"jazz",2,2
"warm",2,2
"guest",2,2
"sliding",2,2
"@kpopeventshfx",2,2
"paint",2,2
"mother’s",2,2
"actual",2,2
"https://t.co/zd93gt4tb6",2,2
"gust",2,2
"@local1073fm",2,2
"bags",2,2
"#petermackay",2,2
"#hcg2020",2,2
"@cbcradio",2,2
"macisaac",2,2
"#walktowork",2,2
"#erinotoole",2,2
"forming",2,2
"#weekendvibes",2,2
"#play",2,2
"#hfxmusic",2,2
"https://t.co/5ov1niuk9w",2,2
"handling",2,2
"talent",2,2
"delays",2,2
"product",2,2
"#whitman2020",2,2
"#southend",2,2
"https://t.co/6wozoadfkd",2,2
"spectacular",2,2
"seeking",2,2
"pellets",2,2
"neighbourhood",2,2
"52km/h",2,2
"impact",2,2
"https://t.co/tvcptbrxgl",2,2
"#comedy",2,2
"selling",2,2
"performs",2,2
"heating",2,2
"temperatures",2,2
"bilingual",2,2
"nope",2,2
"https://t.co/gktcnzxzvl",2,2
"https://t.co/a4mqeizkj2",2,2
"testifies",2,2
"🥇with",2,2
"rewarding",2,2
"provinces",2,2
"cellphones",2,4
"leading",2,2
"https://t.co/acjjp0bh2b",2,2
"#author",2,2
"pitch",2,2
"https://t.co/w8fzgtzopl",2,2
"https://t.co/ow07khwmc4",2,2
"#gay",2,2
"hired",2,2
"copies",2,2
"off-street",2,2
"memory",2,2
"lewis",2,2
"worse",2,2
"homburg",2,2
"#bedfordns",2,2
"stockholm",2,2
"@sicklecellca",2,2
"arrived",2,2
"#thanks",2,2
"store#",2,2
"rolls",2,2
"asap",2,2
"https://t.co/xhahi1amty",2,2
"#disappearanceatcliftonhill",2,2
"feels",2,2
"earned",2,2
"policy",2,2
"investigation",2,2
"#sale",2,2
"#kpop",2,2
"https://t.co/ce8fbqwylk",2,2
"#donairmeat",2,2
"graduates",2,2
"@theartworks",2,2
"#town",2,2
"https://t.co/jlfz5lysv6",2,2
"https://t.co/cnb70aafig",2,2
"submit",2,2
"@ilovelocalhfx",2,2
"crop",2,2
"#origamiflowers",2,2
"#halifaxstorm",2,2
"totally",2,2
"@aquakultre",2,2
"oxford",2,2
"accounts",2,2
"janet",2,2
"#lgbtq",2,2
"#easter",2,2
"fled",2,2
"sauv",2,2
"climate",2,2
"baby",2,2
"https://t.co/1ppyvzexe2",2,2
"employers",2,2
"advance",2,2
"lucky",2,2
"journal",2,2
"#vip",2,2
"#pests",2,2
"#lowersackville",2,2
"#hcg",2,2
"hack",2,2
"#carshow",2,2
"science",2,2
"@cbchfxtraffic",2,2
"#skit",2,2
"#manchester",2,2
"#cfl",2,2
"ahead",2,2
"kicks",2,2
"wellness",2,2
"@nllbandits",2,2
"@chmrmunradio",2,2
"degrees",2,2
"represent",2,2
"comments",2,2
"processing",2,2
"#whimsicalmemory",2,2
"denyes",2,2
"peeps",2,2
"sellers",2,2
"heat",2,2
"television",2,2
"spryfield",2,2
"property",2,2
"phone",2,2
"math",2,2
"#stopwatch",2,2
"@evenko",2,2
"director",2,4
"#york",2,2
"#stunning",2,2
"#receiptguilt",2,2
"shapes",2,2
"blossoming",2,2
"https://t.co/osvmxt71y5",2,2
"https://t.co/hfmougifwj",2,2
"https://t.co/aoxftjuezp",2,2
"hire",2,2
"thinking",2,2
"#barclays",2,2
"quarries",2,2
"bollard",2,2
"#retailrevival",2,2
"#nomnivortex",2,2
"#iphonephotography",2,2
"https://t.co/awqzp6ymog",2,2
"#gigphotography",2,2
"corporate",2,2
"charges",2,2
"bouey",2,2
"arrestee",2,2
"metro",2,2
"integrated",2,2
"tibs",2,2
"store",2,2
"@sp8gin1",2,2
"#thermometer",2,2
"view",2,2
"random",2,2
"mines",2,3
"#nspower",2,2
"#halifaxbound",2,2
"#donair",2,2
"government",2,2
"#bramleys",2,2
"struck",2,2
"drink",2,2
"cream",2,3
"https://t.co/qthj43vxjy",2,2
"https://t.co/cmxohuiti7",2,2
"green",2,2
"critters",2,2
"buds",2,2
"https://t.co/r31esyex7i",2,2
"#origami",2,2
"walk",2,2
"grounded",2,2
"skater",2,2
"dude",2,2
"https://t.co/jxon8hikr9",2,2
"tower",2,2
"sleep",2,2
"@kingofdonair",2,2
"mortgage",2,2
"activists",2,2
"24-29",2,2
"https://t.co/rocoyjfzxk",2,2
"#haligonia",2,2
"@upeiwbasketball",2,2
"snacks",2,2
"#eggrolls",2,2
"#cars",2,2
"remains",2,2
"co-workers",2,2
"https://t.co/shu86ytj8n",2,2
"@youngy_g",2,2
"remparts",2,2
"#sme",2,2
"handheld",2,2
"#charlottetown",2,2
"#abpoli",2,2
"equipment",2,2
"@chmafm",2,2
"41km/h",2,2
"#police",2,2
"#hiremehalifax",2,2
"#fallriverns",2,2
"tuned",2,2
"#classiccars",2,2
"tartans",2,2
"professional",2,2
"5,000",2,2
"#wine",2,2
"https://t.co/tt9xglww1o",2,2
"#climbnovascotia",2,2
"friendly",2,2
"teachers",2,2
"sponsor",2,2
"restaurants",2,2
"programs",2,2
"#staycation",2,2
"#qualitystreet",2,2
"heart",2,2
"#aquakulture",2,2
"spring/summer",2,2
"late",2,2
"directly",2,2
"birthdays",2,2
"✨👩🏽‍💻🧑🏾‍💻👩🏼‍💻✨",2,2
"#creativecommunity",2,2
"facility",2,2
"pinball",2,2
"numbers",2,2
"medicine",2,2
"quarrelsome",2,2
"archives",2,2
"0.7c",2,2
"hockey",2,2
"georges",2,2
"@halifaxbank",2,2
"documents",2,2
"messy",2,2
"https://t.co/bbzeg8jr6v",2,2
"feature",2,2
"donair",2,2
"role",2,2
"councillor",2,2
"midnight",2,2
"internal",2,2
"@hfxmoments",2,2
"points",2,2
"#tie",2,2
"hour",2,2
"#docksrus",2,2
"signal",2,2
"reaches",2,2
"originator",2,2
"https://t.co/jfkjkxtb3j",2,2
"todays",2,2
"fill",2,2
"sincerely",2,2
"safe",2,2
"#travelaccessories",2,2
"#halifaxrealestate",2,2
"https://t.co/0kfuaifgv8",2,2
"wake",2,2
"reception@teamworkbridge.org",2,2
"#letterkennylive",2,2
"cycles",2,2
"#loan",2,2
"https://t.co/1pbtwkfsl5",2,2
"guitar",2,4
"floor",2,2
"smoked",2,2
"#shopping",2,2
"https://t.co/l8oifwyyxc",2,2
"https://t.co/dtawdtfndm",2,2
"#eggroll",2,2
"#carphotography",2,2
"murder",2,2
"#vodka",2,2
"https://t.co/likqshaplu",2,2
"#magical2020",2,2
"weeds",2,2
"#entertainment",2,2
"scott",2,2
"@ceciliaconcerts",2,2
"prince »",2,2
"https://t.co/t458nc8g8q",2,2
"#pink",2,2
"https://t.co/5alkvjjcbq",2,2
"problem",2,2
"icon",2,2
"https://t.co/tdrya0rs7q",2,2
"#hiking",2,2
"whales",2,2
"@ckdu881fm",2,2
"maple",2,2
"tweet",2,4
"programming",2,2
"niagara-set",2,2
"6,700",2,2
"#womeninstem",2,2
"important",2,2
"#starwars",2,2
"#mum",2,2
"https://t.co/8zwazoiwaf",2,2
"#fitness",2,2
"pesky",2,2
"#stjohns",2,2
"#ford",2,2
"helpful",2,2
"#artists",2,2
"review",2,2
"celebrating",2,2
"birthday",2,2
"northwood’s",2,2
"anytime",2,2
"highway",2,2
"families",2,2
"quality",2,2
"obvious",2,2
"«the",2,2
"lemarchantst.thomasschooldistrict",2,2
"https://t.co/wiiu7paujz",2,2
"#nll",2,2
"#darkrainynights",2,2
"george",2,2
"#beaverbank",2,2
"steps",2,3
"@shibdenhall",2,2
"@halifax2020",2,2
"❤️🎩⏱📖🌡",2,2
"11pm",2,2
"yeti",2,2
"#diary",2,2
"earlier",2,2
"courtesy",2,2
"pointing",2,2
"list",2,2
"#tidegin",2,2
"#safespace",2,2
"#nsp",2,2
"https://t.co/j9yg9cvx7v",2,2
"#halifaxbeer",2,2
"virtuoso",2,2
"gorgeous",2,2
"cranky",2,2
"bring",2,2
"atmosphere",2,2
"voice",2,3
"#doncaster",2,2
"#bridgeout",2,2
"figure",2,2
"simon",2,2
"@ianmhfx",2,2
"audience",2,2
"mocktail",2,2
"#travel",2,2
"https://t.co/yg5rimxmmv",2,2
"@thestubborngoat",2,2
"drunk",2,4
"@alessiacara",2,2
"recent",2,2
"2019-07-18",2,2
"#halifaxtraffic",2,2
"https://t.co/0w1viaaeia",2,2
"wanderers",2,2
"elevator",2,2
"acoustic-guitar",2,2
"#paperflowers",2,2
"#halifornia",2,2
"#eatingchallenge",2,2
"@ulyssesquartet",2,2
"dance",2,2
"moved",2,2
"https://t.co/2jso4xoy38",2,2
"ended",2,2
"https://t.co/sf8mdt45jj",2,2
"#photography",2,2
"https://t.co/lh6i2ihfeu",2,2
"#energy",2,2
"halifax-area",2,2
"england",2,2
"dear",2,2
"prince",2,3
"khan",2,2
"#wearehome",2,2
"#pinballwizard",2,2
"battlegrounds",2,2
"mall",2,2
"https://t.co/m6ginwbgnu",2,2
"capitalism",2,2
"illustrated",2,2
"#february29th",2,2
"hazrat",2,2
"tutor",2,2
"#albw",2,2
"split",2,2
"@dalhousieu",2,2
"devices",2,2
"confirms",2,2
"proper",2,2
"wines",2,2
"terminal",2,2
"bird",2,2
"northwood",2,2
"#yarmouth",2,2
"https://t.co/uxtcehhyuf",2,2
"#crafts",2,2
"that’s",2,2
"rice",2,2
"blend",2,2
"902-422-8900",2,2
"#summerjobs",2,2
"https://t.co/vumqir6jk3",2,2
"words",2,2
"fall/melt",2,2
"shauntay",2,2
"@gocpaatlantic",2,2
"valley",2,2
"@shibdenafterdrk",2,2
"cornered",2,2
"1.6c",2,2
"#northendhalifax",2,2
"#itsnotillegal",2,2
"#glorious",2,2
"hometime",2,2
"gin-spirational",2,2
"short",2,2
"@halifaxretales",2,2
"costly",2,2
"olympics",2,2
"#thepiecehall",2,2
"#rockmusic",2,2
"#jobseekers",2,2
"#gratitude",2,2
"hoskin",2,2
"tide",2,4
"#nsndp2020",2,2
"#kingofdonair",2,2
"https://t.co/c14rk6pcxv",2,2
"19.3km",2,2
"involved",2,2
"studio",2,2
"drive",2,2
"christina",2,2
"brunswick/cornwallis",2,2
"abboud",2,2
"https://t.co/cuuhklfsqi",2,2
"final",2,2
"@therickhoweshow",2,2
"skate",2,2
"sales",2,2
"receive",2,2
"2006/2007",2,2
"https://t.co/d8c0ygdzje",2,2
"https://t.co/0vzhzejedm",2,2
"dying",2,2
"23-24",2,2
"#papercrafts",2,2
"#eating",2,2
"#canfitproeast",2,2
"supposed",2,2
"pairs",2,4
"backpack",2,2
"https://t.co/kzyppvfine",2,2
"https://t.co/2jr5hgr9xk",2,2
"guys",2,2
"preston",2,2
"ballot",2,2
"municipal",2,2
"june",2,2
"wedding",2,2
"@megandholwell",2,2
"barista",2,2
"33km/h",2,2
"#pinball",2,2
"#hfxarts",2,2
"#event",2,2
"sought",2,2
"@news957",2,2
"👇😎☀️",2,2
"seaport",2,2
"deeply",2,2
"colourful",2,2
"privatizing",2,2
"airport",2,2
"killer",2,2
"tues-fri",2,2
"sparkling",2,2
"@cihr_ihdcyh",2,2
"common",2,2
"productive",2,2
"spirits",2,2
"composer",2,2
"percussive",2,2
"#winter",2,2
"https://t.co/8n86h3ss43",2,2
"@deanowilk",2,2
"person",2,2
"mason",2,4
"https://t.co/gbzrfkgl5u",2,2
"#foodchallenge",2,2
"consecutive",2,2
"#yahoouk",2,2
"individual",2,2
"#neon",2,2
"https://t.co/grzkijzqrs",2,2
"#hxgala2020",2,2
"#french",2,2
"thanking",2,2
"#recruitment",2,2
"#improv",2,2
"gave",2,2
"#backpack",2,2
"station",2,2
"distance",2,2
"championship",2,2
"0.2c",2,2
"#tabledecoration",2,2
"thompson",2,2
"#bazzmatazz",2,2
"shibden",2,2
"doctor",2,2
"rituals",2,2
"corner",2,2
"books",2,2
"offering",2,2
"wrong",2,2
"homes",2,2
"gin-credible",2,2
"favourite",2,2
"dominates",2,2
"cost",2,2
"https://t.co/x9v8y20itq",2,2
"#rockclimbing",2,2
"#novacentre",2,2
"#jobsearch",2,2
"victoria",2,2
"courses",2,4
"poet",2,2
"#kenowilt",2,2
"yorkshire",2,2
"streets",2,2
"@hfxseaportmrkt",2,2
"origami",2,2
"yummy",2,2
"fight",2,2
"simm",2,2
"@2btheatre",2,2
"chris",2,2
"browsers",2,2
"#tradingrooms",2,2
"crown",2,2
"avalanches",2,2
"#originhalifax",2,2
"https://t.co/jtslwzsca1",2,2
"https://t.co/0ty3yu2jcb",2,2
"electro",2,2
"recorded",2,2
"clear",2,2
"powers",2,2
"burns",2,2
"#paperart",2,2
"https://t.co/dgot42ulpx",2,2
"guide",2,2
"@ty7on3_thomp2on",2,2
"slowly",2,2
"lowest",2,2
"waye",2,4
"#careerists",2,2
"data",2,4
"related",2,2
"president",2,2
"#visitnovascotia",2,2
"https://t.co/saa96kj4sl",2,2
"#estateagent",2,2
"tackle",2,2
"@ncracanada",2,2
"makes",2,2
"39km/h",2,2
"killeen",2,2
"icalma",2,2
"#playwrights",2,2
"https://t.co/lymjx6cvde",2,2
"#extinctionrebellion",2,2
"talking",2,2
"@chsr979",2,2
"productions",2,2
"nationwide",2,2
"complimentary",2,2
"careful",2,2
"nestled",2,2
"maritimer",2,2
"impaired",2,2
"https://t.co/mopbdn4i0r",2,2
"#mothersday",2,2
"#horsesofhalifax",2,2
"wild",2,3
"exhibition",2,2
"sending",2,2
"developers",2,2
"restrictions",2,2
"masike",2,2
"inayat",2,2
"funding",2,2
"temps",2,2
"@prestonreed",2,2
"dingle",2,2
"#yahoo",2,2
"https://t.co/gqpe5jkgne",2,2
"#hxgala20",2,2
"https://t.co/a7wbfsiwgu",2,2
"#craft",2,2
"text",2,2
"meat",2,2
"#recommended",2,2
"#newglasgow",2,2
"#fujifilm",2,2
"high-school",2,2
"stated",2,2
"places",2,2
"innovation",2,2
"vacancy",2,2
"#dance",2,2
"#barrellingtide",2,2
"https://t.co/wqajkgij6f",2,2
"https://t.co/ay815sptcf",2,2
"vehicle",2,2
"favorite",2,2
"robie",2,2
"chase",2,2
"playwright",2,2
"bowl",2,2
"mid-december",2,2
"showcasing",2,2
"cheers",2,2
"open-air",2,2
"asked",2,2
"❣💙💜💝❣",2,2
"#kenmojr",2,2
"#booksigning",2,2
"rare",2,2
"#lacrosse",2,2
"#donairsauce",2,2
"rural",2,2
"@22_minutes",2,2
"outbound",2,2
"living",2,2
"https://t.co/qxqhpdwgkb",2,2
"#ontedstrike",2,2
"waffle",2,2
"greg",2,2
"situated",2,2
"sake",2,2
"@adamabaldwin",2,2
"potato",2,2
"accepted",2,2
"#origin",2,2
"touched",2,2
"clean",2,2
"powerful",2,2
"awful",2,2
"#linkedin",2,2
"#easthnats",2,2
"#canadian",2,2
"slime",2,4
"@breitbartnews",2,2
"painted",2,2
"lower",2,2
"https://t.co/kwz4scrjfq",2,2
"training",2,2
"scene",2,2
"dartmouth",2,2
"cloudy",2,2
"#phoenixfm",2,2
"https://t.co/lbkmm4bgbp",2,2
"enforcement",2,2
"musician",2,2
"kerrie",2,2
"https://t.co/4fnwwrlnbx",2,2
"#cgiready",2,2
"rental",2,2
"#snow",2,2
"#playerunknown",2,2
"https://t.co/lwwjvdoukf",2,2
"handmade",2,2
"secured",2,2
"require",2,2
"manager",2,2
"https://t.co/tknbhvzjic",2,2
"https://t.co/mfxoudi0z0",2,2
"#fashion",2,2
"freshly",2,2
"everyday",2,2
"department",2,2
"https://t.co/fwy4lu8shh",2,2
"tyrone",2,2
"nick",2,2
"#hrm13",2,2
"https://t.co/9ly3orvrj4",2,2
"windiest",2,2
"@dubehalifax1",2,2
"connection",2,2
"photos",2,2
"https://t.co/uxbh4q7qts",2,2
"#hxgala",2,2
"@rbc",2,2
"🥈with",2,2
"provincial",2,2
"infected",2,2
"wondering",2,2
"high",2,2
"upcoming",2,2
"dismisses",2,2
"rider",2,2
"cook",2,2
"challenges",2,2
"nurses",2,2
"meeting",2,2
"#remparts",2,2
"offer",2,2
"arena",2,2
"⁦@lisarobertshfx⁩",2,2
"inspiration",2,2
"#reviews",2,2
"@sicklecellcan",2,2
"interactions",2,2
"#rock",2,2
"https://t.co/bfyeebkfsy",2,2
"yassin",2,2
"ticket/pass",2,2
"radio",2,2
"pocket",2,2
"lineup",2,2
"interpreter",2,2
"https://t.co/qd3ez41ujm",2,2
"#books",2,2
"streaming",2,2
"covid-19",2,2
"asymmetrical",2,2
"mini-immersion",2,2
"#tophat",2,2
"#kusudama",2,2
"#halifaxfood",2,2
"housed",2,2
"#donairmeateggrollmukbang",2,2
"field",2,2
"similar",2,2
"reacted",1,1
"#townclock",1,1
"https://t.co/qwjrcezaud",1,1
"https://t.co/cnqeahg5ou",1,1
"#downtownhfx",1,1
"greens",1,1
"#buckashuck",1,1
"subsequent",1,1
"sainsburys",1,1
"@accenture",1,1
"recap",1,1
"citadel",1,1
"abusive",1,1
"ivory",1,1
"https://t.co/ykthawsln2",1,1
"https://t.co/jt5nhzsos5",1,1
"#halifaxtattoo",1,1
"#drizzly",1,1
"groups",1,1
"@tim_bousquet",1,1
"@joan_baxter",1,1
"dumpling",1,1
"cusp",1,1
"burn",1,1
"accuracy",1,1
"21-storeys",1,1
"#twitchcreative",1,1
"https://t.co/yx1xxwsbcb",1,1
"#selling",1,1
"https://t.co/riig3ylahs",1,1
"#painpaingoaway",1,1
"https://t.co/k0p1yec1hr",1,1
"#likeme",1,1
"https://t.co/dfzu1b0fop",1,1
"#halifaxwedding",1,1
"https://t.co/1bopfw8lfk",1,1
"#easternshore",1,1
"townhouse",1,1
"flemming",1,1
"supporters",1,1
"@trevorgaal",1,1
"𝕋𝕙𝕚𝕤",1,1
"@bookcornerhx",1,1
"dahl",1,1
"preceding",1,1
"john",1,1
"#payments",1,1
"https://t.co/krjhglb1hm",1,1
"#localmusic…",1,1
"https://t.co/dqccpzchig",1,1
"#handbagplanters",1,1
"trainers",1,1
"#capebretonmusic",1,1
"@vip_favours",1,1
"sneak",1,1
"scarlett",1,1
"@caitlinpress",1,1
"reimbursing",1,1
"buying",1,1
"panels",1,1
"advantage",1,1
"luke",1,1
"28km/h",1,1
"#vipfavoursverified",1,1
"#shunt",1,1
"https://t.co/s3dozgxysx",1,1
"https://t.co/la777tydss",1,1
"https://t.co/dza4cxhfuc",1,1
"https://t.co/2s8qpnx68s",1,1
"haddock",1,2
"treats",1,1
"#catus",1,1
"fond",1,1
"sweets",1,1
"@worldbookdayuk",1,1
"soft",1,1
"@mc_moosecountry",1,1
"scoody-doo",1,1
"coccydynia",1,1
"preyed",1,1
"called",1,1
"banking",1,1
"africa",1,1
"30minute",1,1
"kempt",1,1
"hurdles",1,1
"#slightpuddle",1,1
"https://t.co/srxwylrhwv",1,1
"#maritimemade",1,1
"https://t.co/ekvrtnxkd7",1,1
"https://t.co/3zx38dqqin",1,1
"week!💓",1,1
"t-minus",1,1
"##halifax",1,1
"soooooooo",1,1
"screening",1,1
"@cfxuradio",1,1
"decide",1,1
"coldwater",1,1
"basic",1,1
"major",1,1
"37.0mm",1,1
"kidney",1,1
"#smu",1,1
"https://t.co/lvwwvajfnk",1,1
"#merci",1,1
"https://t.co/f0ec1yjdnw",1,1
"wentworth",1,1
"#exercise",1,1
"#cheticamp",1,1
"#abstract",1,1
"equitable",1,1
"@nllcommish",1,1
"@christinamyersa",1,1
"representative",1,1
"candied",1,1
"paying",1,2
"alert",1,1
"management",1,1
"46km/h",1,1
"#portraitofaladyonfire",1,1
"https://t.co/mfdpfnk9nz",1,1
"#mmiw",1,1
"https://t.co/ffxdiqac7x",1,1
"#historicproperties",1,1
"wheels",1,1
"hardcore",1,1
"turf",1,1
"#classist",1,1
"fresh",1,1
"tasting",1,1
"@nsletr",1,1
"@cookson_mike",1,1
"deodorant",1,1
"resign",1,1
"companion",1,1
"profile",1,1
"cardcash",1,1
"bedroom",1,1
"marine",1,1
"#purcellscove",1,1
"https://t.co/mlfovk6hkl",1,1
"#homerunhitter",1,1
"https://t.co/7thbygbgt0",1,1
"wife",1,1
"heading",1,1
"twitty",1,2
"frog",1,1
"#annapolisvalleyphotographer",1,1
"sponsors",1,1
"@officialpuppers",1,1
"@davidhickeynb",1,1
"cones",1,1
"cases",1,1
"bernie",1,1
"angels",1,1
"marshmallow",1,1
"landmarks",1,1
"#womensrugby",1,1
"https://t.co/ncimlojabd",1,1
"https://t.co/g9qb2unemt",1,1
"https://t.co/9fua7zydbt",1,1
"windchill",1,1
"undergoing",1,1
"#controversial",1,1
"fully",1,1
"experienced",1,1
"@playmoregolf",1,1
"serve",1,1
"@downtownhalifax",1,1
"diesel",1,1
"connaught",1,1
"protect",1,1
"causing",1,1
"announcement",1,1
"70240-associate/associé",1,1
"#stories",1,1
"https://t.co/nwg9okwjin",1,1
"wintry",1,1
"#freestuff",1,1
"herd",1,1
"unique-angle",1,1
"gajjer",1,1
"extremely",1,1
"standing",1,1
"sets",1,1
"@fangceic",1,1
"directors",1,1
"context",1,1
"notice",1,1
"apex",1,1
"89km/h",1,1
"#yorkredoubt",1,1
"infastructure",1,1
"#submerged_band",1,1
"https://t.co/vnrepf6xka",1,1
"#reclaimedwood",1,1
"https://t.co/ofyuro7oae",1,1
"#newcastle",1,1
"https://t.co/h4vgac7efn",1,1
"#fridaythoughts",1,1
"hidden",1,1
"#crossbreed",1,1
"gardens",1,1
"themed",1,1
"@rsaconference",1,1
"shaping",1,1
"@georgeatasda",1,1
"dishes",1,1
"ridding",1,1
"conway",1,1
"chairs",1,1
"blows",1,1
"nurse",1,1
"leaving",1,1
"inglis",1,1
"#supportlocalartists",1,1
"#remaxnova",1,1
"#nightout",1,1
"https://t.co/hgk7hdoxu7",1,1
"#indiefilm",1,1
"https://t.co/aozi1zgbqg",1,1
"utility",1,1
"#dalhousieu",1,1
"thirst",1,1
"#barclaysbank",1,1
"fancy",1,1
"staying",1,1
"@senatorwanda",1,1
"sheila",1,1
"dive",1,1
"riotous",1,1
"planning",1,1
"areas",1,1
"inspection",1,1
"#taxiservice",1,1
"https://t.co/wngvt5tzfp",1,1
"#iranfilmfest",1,1
"https://t.co/axe3jpp4q6",1,1
"#gigphotography…",1,1
"vauxhall",1,1
"#dartmouthns",1,1
"threw",1,1
"fate",1,1
"shoe",1,1
"dollar",1,1
"roasted",1,1
"corporation",1,1
"charity",1,1
"officials",1,1
"mi\'kmaq",1,1
"£1.50",1,1
"intended",1,1
"https://t.co/pra5nwismq",1,1
"https://t.co/ie9nlykdge",1,1
"#job",1,1
"https://t.co/bfrlxrmtv2",1,1
"#goodforartyfartyphotos",1,1
"hood",1,1
"#detour",1,1
"giveaway",1,1
"#birthday",1,1
"🎥🔎https://t.co/rhvi8ayzgp🎬",1,1
"shouted",1,1
"@haligonia",1,1
"cheer",1,1
"ooooh",1,1
"milestone",1,1
"£7.50",1,1
"internet",1,2
"#rosescleaning",1,1
"https://t.co/j0ufddtx5y",1,1
"#kayaking",1,1
"https://t.co/bnax7tgmw5",1,1
"yoga",1,1
"goals",1,1
"tight",1,1
"#bookboost",1,1
"strap",1,1
"@stalycelticfc",1,1
"dough",1,1
"coverage",1,1
"brewpub",1,1
"organics",1,2
"asst",1,1
"mini",1,1
"listeners",1,1
"16.1km",1,1
"#todstock2020",1,1
"https://t.co/xtlbmfnawk",1,1
"https://t.co/qnwmrzhdso",1,1
"https://t.co/jbuvn6nun8",1,1
"youtube",1,1
"#brassband",1,1
"struggles",1,1
"ebay",1,1
"@hollylynch5",1,1
"drink&amp;food",1,1
"britons",1,1
"attal",1,1
"miso",1,2
"lively",1,1
"1950s",1,1
"#scallops",1,1
"https://t.co/qvyvtctbfv",1,1
"#onpaperprints",1,1
"#leap",1,1
"#halifaxmortgage",1,1
"greener",1,1
"filling",1,1
"@thensfhl",1,1
"safety",1,1
"@aaronwherry",1,1
"rebuilt",1,1
"cinnimon",1,1
"buffalo",1,1
"authentic",1,1
"locker",1,1
"items",1,1
"#travelodysseys",1,1
"https://t.co/yibvmor3wj",1,1
"#scotiable",1,1
"https://t.co/r3gda8mw7z",1,1
"https://t.co/jt22muy5wq",1,1
"#learninganddevelopment",1,1
"https://t.co/cxxgw0bjng",1,1
"#drinks",1,1
"sunlight",1,1
"@tiktok_us",1,1
"elastic",1,1
"sketchy",1,1
"@jillcbaum",1,1
"dumd",1,1
"cushion",1,1
"classes",1,1
"poverty",1,1
"buried",1,1
"20th",1,1
"#twitchaffiliate",1,1
"#seller",1,1
"https://t.co/rgzwmmthom",1,1
"https://t.co/jy6ktzawhn",1,1
"https://t.co/df0lx4o05h",1,1
"https://t.co/19t3llscni",1,1
"war”",1,1
"guesses",1,1
"sleepout",1,1
"reflects",1,1
"busiest",1,1
"pains",1,1
"moth",1,1
"actress",1,1
"lovely...#fallriver",1,1
"24-hour",1,1
"#vacationdays",1,1
"#shelburne",1,1
"https://t.co/rorwj1tpez",1,1
"https://t.co/kpjvsmklsp",1,1
"#local",1,1
"https://t.co/dppz3mq3i3",1,1
"#hammonds",1,1
"water&amp;bone",1,1
"#eatlocalhfx",1,1
"guru",1,1
"trails",1,1
"floors",1,1
"surrounding",1,1
"snapper",1,1
"@lloydsbank",1,1
"@cadburyuk",1,1
"dany",1,1
"closes",1,1
"buyer",1,1
"ms.hampson",1,1
"#shubiepark",1,1
"https://t.co/l9lmjfuaz1",1,1
"https://t.co/2pnk64uhgr",1,1
"wearing",1,1
"#egypt",1,1
"treatment",1,1
"followers",1,1
"remanso",1,1
"parkade",1,1
"mushroom",1,1
"afraid",1,1
"macintyre",1,1
"kelly",1,2
"https://t.co/skpetvev3f",1,1
"#picaweek2020",1,1
"https://t.co/ljdarzx2cy",1,1
"https://t.co/eia603ubgf",1,1
"#herringcove",1,1
"https://t.co/3ysf17ckda",1,1
"week-end",1,1
"haligonia",1,1
"triangle",1,1
"system",1,1
"@mikepmoffatt",1,1
"screened",1,1
"@cfl_headlines",1,1
"deceptively",1,1
"renewable",1,1
"campground",1,1
"based",1,1
"maintenance",1,1
"36cm",1,1
"#weddingband",1,1
"#smsts",1,1
"#plants",1,1
"https://t.co/lvq220ekzk",1,1
"#mentalhealth",1,1
"https://t.co/ezdensg2l4",1,1
"#hfxfood…",1,1
"#excon",1,1
"handle",1,1
"#abs",1,1
"equipped",1,1
"💔lovefresh",1,1
"sector",1,1
"cancer",1,1
"bazz",1,1
"namis",1,1
"managed",1,1
"45-year-old",1,1
"kitchen",1,1
"#sousaphone",1,1
"https://t.co/tiwxqhhsgr",1,1
"#porterslake",1,1
"https://t.co/meeas5sayn",1,1
"#mls",1,1
"https://t.co/feoffpzpbt",1,1
"#hiring",1,1
"https://t.co/6woiirfes1",1,1
"#family",1,1
"tunnel",1,1
"#classicdiner",1,1
"frequencies",1,1
"eventbrite",1,1
"specialist",1,1
"seekers",1,1
"@colorsandstones",1,1
"residence",1,1
"compact",1,1
"professionals",1,1
"card",1,1
"nearby",1,1
"alongside",1,1
"50km/h",1,1
"l\'agsp",1,1
"#spinabifida",1,1
"https://t.co/tu6avi10nj",1,1
"#publicgardens",1,1
"https://t.co/mk94g7qzrk",1,1
"https://t.co/fvefxapytn",1,1
"#homemassage",1,1
"https://t.co/7rioty6moi",1,1
"headed",1,1
"#colour",1,1
"fries",1,1
"#annapolisvalley",1,1
"excuse",1,1
"sponsoring",1,1
"@obladeewinebar",1,1
"detached",1,1
"restless",1,1
"conditions",1,1
"bernard",1,1
"nice",1,1
"marsh",1,1
"6188/90",1,1
"land",1,1
"#womenshockey",1,1
"improvement",1,1
"#stayfresh",1,1
"https://t.co/uiwsyvonjx",1,1
"#quarry",1,1
"https://t.co/nbldid4265",1,1
"#museums",1,1
"https://t.co/g9ivuj1qpe",1,1
"#hrlaw",1,1
"https://t.co/9azcgnrnyb",1,1
"full-time",1,1
"#archaeology",1,1
"@photokathryn",1,1
"series",1,1
"@donnareardonsj",1,1
"didn’t",1,1
"return",1,1
"catus",1,1
"noon",1,1
"late-night",1,1
"#worldhockey",1,1
"inconsistent",1,1
"#randomwebcam",1,1
"https://t.co/nvwfri10ie",1,1
"#nbmarchbreak",1,1
"https://t.co/ghmdfwymbf",1,1
"#hunted",1,1
"https://t.co/a11gtw4aec",1,1
"#fredericton",1,1
"hennigar",1,1
"unique",1,1
"gain",1,1
"test",1,1
"#artprint",1,1
"standards",1,1
"@raileasy",1,1
"🥇streak",1,1
"seton",1,1
"content",1,1
"pickup",1,1
"notepad",1,1
"8:00pm",1,1
"inequalities",1,1
"https://t.co/vje60gx87p",1,1
"https://t.co/oehmkifof2",1,1
"#newcar",1,1
"https://t.co/h2xrapsyrt",1,1
"#idontreallyunderstandart",1,1
"https://t.co/acf8jisdhz",1,1
"#fridaymotivation",1,1
"#cremeegg",1,1
"theme",1,1
"@royalcannavy",1,1
"@geoff_hors_foun",1,1
"purée",1,1
"chair",1,1
"pine",1,2
"appreciation",1,1
"medieval",1,1
"#ysp",1,1
"https://t.co/w6k3qbsflg",1,1
"#remaxagent",1,1
"#gardening",1,1
"usual",1,2
"#dalhousie",1,1
"gemstones",1,1
"staycation",1,1
"@selmarysmith",1,1
"@gracepeacock",1,1
"divas",1,1
"ring",1,1
"changed",1,1
"plane",1,1
"october",1,1
"memories",1,1
"02/27/17",1,1
"insider",1,1
"#taxicab",1,1
"https://t.co/wmxzzliuws",1,1
"https://t.co/p7yozopzlz",1,1
"worry",1,1
"hole",1,1
"vaste",1,1
"gift",1,1
"#bedfordclassic",1,1
"@shubiecanal",1,1
"shocker",1,1
"@halifaxblackfilmfest",1,1
"doesn’t",1,1
"roaring",1,1
"players",1,1
"officers",1,1
"❤️one",1,1
"lifts",1,1
"10:15pm",1,1
"#th…",1,1
"https://t.co/wvzygkx10c",1,1
"#roast",1,1
"#jeddore",1,1
"https://t.co/bcf6qbijpk",1,1
"verification",1,1
"featured",1,1
"shots",1,1
"counties",1,1
"checking",1,1
"onward",1,1
"mike",1,1
"lined",1,1
"12:00am",1,1
"internationally",1,1
"https://t.co/qcfdhuieci",1,1
"#nowruz",1,1
"https://t.co/ixmxzl5pxi",1,1
"#katsurobushi",1,1
"https://t.co/bmpnj4simy",1,1
"ymca",1,1
"#haddock",1,1
"hospitals",1,1
"#disability",1,1
"straight",1,1
"@sskroughriders",1,1
"early-bird",1,1
"shutting",1,1
"routine",1,1
"cove",1,2
"chic",1,1
"optional",1,1
"15th",1,1
"investigates",1,1
"#todmorden",1,1
"https://t.co/xsl1370f7t",1,1
"https://t.co/qkt8yiylos",1,1
"https://t.co/jarcv98mh5",1,1
"#kjipuktuk",1,1
"visible",1,1
"title",1,1
"fertilizer",1,1
"@thearches_weddings",1,1
"signing",1,1
"@historicns",1,1
"reaching",1,1
"poole",1,1
"“financial",1,1
"1914-1918",1,1
"is  newly",1,1
"#touchdownatlantic2020",1,1
"https://t.co/y9upgfsfgs",1,1
"#saxophone",1,1
"#oneofmyfavouritecomedians",1,1
"https://t.co/jjcg0seghu",1,1
"#leamanmurraygroup",1,1
"#downtown",1,1
"toddler",1,1
"#brighouse",1,1
"sublime",1,1
"@thelatestnews16",1,1
"sinkholes",1,1
"@ignitecompanion",1,1
"driveway",1,1
"rebound",1,1
"positive",1,1
"aujourd’hui",1,1
"moderated",1,1
"2.30pm",1,1
"item",1,2
"#travelnovascotia",1,1
"https://t.co/yg8ptpe090",1,1
"https://t.co/jsjw5e3qpt",1,1
"https://t.co/cwjvavdxh1",1,1
"#halifaxrealtor",1,1
"https://t.co/0kgoxrlmct",1,1
"#drinklocal",1,1
"torn",1,1
"#bully",1,1
"sanan",1,1
"@anotherworldadc",1,1
"curated",1,1
"reclaimed",1,1
"class",1,1
"bullying",1,1
"award",1,1
"accountant",1,1
"2020 ",1,1
"#twitch",1,1
"https://t.co/yv5wngzvgg",1,1
"#segwayns",1,1
"https://t.co/rgtoceopty",1,1
"#lettings",1,1
"https://t.co/ddpwjm8iub",1,1
"wanting",1,1
"#eastcoastwedding…",1,1
"flawed",1,1
"supported",1,1
"elland",1,1
"𝐓𝐇𝐀𝐓",1,1
"sauce",1,1
"referrals",1,1
"clifton",1,1
"pre-drinks",1,1
"pain",1,1
"babies",1,1
"jobs",1,1
"#vacation",1,1
"https://t.co/zatxgc5ons",1,1
"#payattention",1,1
"https://t.co/kpfivecoes",1,1
"#lobster",1,1
"https://t.co/dokrzyo2tn",1,1
"#eatlocalhalifax",1,1
"gursoy",1,1
"flooring",1,1
"surprise",1,1
"employer",1,1
"@livenation",1,1
"scallops",1,1
"regular",1,1
"closer",1,1
"luckily",1,1
"jokers",1,1
"#violadesmond",1,1
"https://t.co/znqoaum3uh",1,1
"#shrimp",1,1
"https://t.co/rzijtfodw9",1,1
"#personaltrainer",1,1
"https://t.co/l8r2bjgcgw",1,1
"#lovemycity",1,1
"https://t.co/duejhu4ou6",1,1
"https://t.co/2kz87bxrsm",1,1
"habit",1,1
"sweeping",1,1
"@womencentreck",1,1
"soap",1,1
"@marybrowns",1,1
"@casket_news",1,1
"prevent",1,1
"calder",1,1
"bang",1,1
"katie",1,1
"#voip",1,1
"humour",1,1
"#skilledtrade",1,1
"#physique…",1,1
"https://t.co/liqqey9no7",1,1
"#malemodel",1,1
"https://t.co/ehtn7mpyj3",1,1
"#hebden",1,1
"https://t.co/3vumerhaor",1,1
"#ceosleepout",1,1
"synthetic",1,1
"songs",1,1
"👨‍👩‍👧‍👦",1,1
"@cfl",1,1
"debut",1,1
"cohort",1,1
"campaigning",1,1
"baseball",1,1
"myth",1,1
"#wedding",1,1
"https://t.co/t4kywrvldy",1,1
"#pinkshirtday",1,1
"https://t.co/lttzjwi8f3",1,1
"https://t.co/eyxaitwzyp",1,1
"#hfxevents",1,1
"https://t.co/5c8lhhvzfg",1,1
"well-informed",1,1
"#excited",1,1
"truck",1,1
"foundation",1,1
"southowram",1,1
"@nll",1,1
"degree",1,1
"commanding",1,1
"proceedings",1,1
"cancelled",1,1
"bayers",1,1
"names",1,1
"albert",1,1
"malt",1,1
"#wheelchair",1,1
"iconic",1,1
"#sologuitar",1,1
"https://t.co/mdkj8bsbrc",1,1
"#missed",1,1
"https://t.co/fdctrzazu1",1,1
"https://t.co/6tcnngkms7",1,1
"whats",1,1
"#affordability",1,1
"@clannadmusic",1,1
"denise",1,1
"reservations",1,1
"caravan",1,1
"peek",1,1
"nblc",1,1
"alma",1,1
"kylehynick",1,1
"#speeddating tonight",1,1
"#proudpartner",1,1
"https://t.co/mk5wovwo6c",1,1
"#monsterhunter",1,1
"https://t.co/frssashrbi",1,1
"#homemade",1,1
"wicks",1,1
"#fermanagh",1,1
"head",1,1
"tweets",1,1
"🔥naughty",1,1
"sellerbration",1,1
"@danthomascomedy",1,1
"destinations",1,1
"concerts",1,1
"performance",1,1
"benefits",1,1
"niagara’s",1,1
"6:30pm",1,1
"lakes",1,1
"impractical",1,1
"https://t.co/uff6mgn6ht",1,1
"https://t.co/n8mmslytdi",1,1
"https://t.co/9a3o5p4hx3",1,1
"#flexicard",1,1
"unconventional",1,1
"telephone",1,1
"🦟bugs",1,1
"separated",1,1
"@donmillshfx",1,1
"diamond",1,1
"retreat",1,1
"congested",1,1
"categories",1,1
"non-members",1,1
"mastercard",1,2
"https://t.co/uro1m2woko",1,1
"https://t.co/nootyos7it",1,1
"https://t.co/ggw72znzyc",1,1
"#humour",1,1
"https://t.co/9zb5zq23dc",1,1
"winning",1,1
"#forsale",1,1
"uniformed",1,1
"#course",1,1
"terrible",1,1
"#artistsoninstagram",1,1
"extensive",1,1
"@qosbaszler",1,1
"🥉with",1,1
"@evanjstern",1,1
"provided",1,1
"celebration",1,1
"picking",1,1
"nosy",1,1
"mcdaniel",1,1
"#ymca",1,1
"#stressed",1,1
"https://t.co/vehppy0jsm",1,1
"#realt",1,1
"https://t.co/oehhnb29u8",1,1
"#newbrunwick",1,1
"#icouldlivehere",1,1
"https://t.co/aakr0qb6fv",1,1
"#fridayfeeling",1,1
"hfrg",1,1
"unrealistic",1,1
"#auction",1,1
"@rougefatale",1,1
"shape",1,1
"@gentlemanjackuk",1,1
"discussion",1,1
"richmond",1,1
"puppy",1,1
"chain",1,1
"blog",1,1
"appreciated",1,1
"https://t.co/vwselgachj",1,1
"#regram",1,1
"https://t.co/osgsh9c6e9",1,1
"https://t.co/hf97bmdonh",1,1
"#independentshops",1,1
"https://t.co/aldn8zhssi",1,1
"hill",1,1
"#d5300",1,1
"thingy",1,1
"#banthegazebo",1,1
"@gosecure_inc",1,1
"rimouski",1,1
"coolest",1,1
"bokeh",1,1
"oceanic",1,1
"letterkenny",1,1
"#tantallon",1,1
"https://t.co/wlmwybqov5",1,1
"https://t.co/p4zewt83ju",1,1
"#nofilter #eastcoast #atlanticcanada #canadiancities #haligonia #halifaxnoise #halifaxforyou #visitnovascotia #halifax #halifaxns #downtownh",1,1
"#invoice",1,1
"https://t.co/awakvrabdz",1,1
"worried",1,1
"#gigphotographer…",1,1
"vanilla",1,1
"#darmouth",1,1
"thousands",1,1
"stewardship",1,1
"@shibdenpark",1,1
"roald",1,1
"played",1,1
"bossa",1,1
"arrested",1,1
"❤️lovefresh",1,1
"lifted",1,1
"#tesl",1,2
"https://t.co/wvdxvrvrup",1,1
"#roalddahl",1,1
"https://t.co/pg0iwnlr8q",1,1
"#northpro",1,1
"https://t.co/icdickcb0i",1,1
"#jbomb",1,1
"#golf",1,1
"honours",1,1
"verge",1,1
"@halifaxtoday",1,1
"r)evolution",1,1
"brace",1,1
"artwork",1,1
"#theprincegeorgehotel",1,1
"https://t.co/xev12fflrl",1,1
"https://t.co/pzylwzxepf",1,1
"#novascotiaweddingphotographer",1,1
"https://t.co/ivik6kinvi",1,1
"#justsold",1,1
"https://t.co/blk48pc8fi",1,1
"#greatwaytostarttheweekend",1,1
"viernes",1,1
"#dineatdal",1,1
"#blue",1,1
"shrimp",1,1
"dorian",1,1
"roundtable",1,1
"raising",1,1
"chevy",1,1
"associate-ft",1,1
"‘gotta",1,1
"listed",1,1
"14th",1,1
"#sainsburys",1,1
"https://t.co/jafbpcwj4l",1,1
"#kirklees",1,1
"https://t.co/cb96xid3bp",1,1
"#halifaxblackfilmfestival",1,1
"ferry",1,1
"@teslcanada",1,1
"easy-to-grow",1,1
"dress",1,1
"crashing",1,1
"pond",1,1
"https://t.co/y74rkxwsql",1,1
"#savinglives",1,1
"#oliversarmy",1,1
"#law",1,1
"https://t.co/cjoroxh3qt",1,1
"zucchini",1,1
"howard@rosescleaning.co.uk",1,1
"voip",1,1
"#dothedrives",1,1
"@thejagmeetsingh",1,1
"@ibigroup",1,1
"@a_e_sports",1,1
"critical",1,1
"budget",1,1
"outline",1,1
"abrazo",1,1
"locate",1,1
"2-way",1,1
"itching",1,1
"https://t.co/yg7cmxuelb",1,1
"#orange",1,1
"https://t.co/jsgzovdjtm",1,1
"#drinkingwater",1,1
"grocery",1,1
"#bulliesbeware",1,1
"@theturner",1,1
"skateboards",1,1
"@jen_keesmaat",1,1
"salute",1,1
"@alexroviracelma",1,1
"claims",1,1
"pouvez",1,1
"awakens",1,1
"money",1,1
"2019-07-19",1,1
"#tuesdayvibes",1,1
"https://t.co/yqv8qctirr",1,1
"https://t.co/re1ipcijjn",1,1
"#outout",1,1
"https://t.co/jwq4kai9ws",1,1
"https://t.co/ddnrj1plxn",1,1
"#halifaxtransport",1,1
"https://t.co/0xihvtmhqe",1,1
"wanted",1,1
"#eastcoasthosts",1,1
"gt;&gt",1,1
"towed",1,1
"#cabservice",1,1
"flash",1,1
"@tpexpresstrains",1,1
"sleeman",1,1
"@kevingursoy",1,1
"𝐒𝐓𝐑𝐄𝐄𝐓",1,1
"@bazzmatazz",1,1
"client",1,1
"prépare",1,1
"page",1,1
"悲しいんだけど、会える気しかしないから、",1,1
"active",1,1
"lovefresh",1,1
"23rd",1,1
"https://t.co/z6ufbgbn7u",1,1
"https://t.co/rnxk0uqu1q",1,1
"#parkward",1,1
"https://t.co/kmhqzn2sr0",1,1
"https://t.co/dmga8elxyr",1,1
"#halifornia…",1,1
"watching",1,1
"#eatlocal",1,1
"#canon",1,1
"surpassed",1,1
"@unbathletics",1,1
"employee",1,1
"@liveheist",1,1
"𝐙𝐎𝐎𝐌",1,1
"@burrellmcdaniel",1,1
"premiere",1,1
"palabras",1,1
"backs",1,1
"movement",1,1
"adorn",1,1
"luck",1,1
"26.9mm",1,1
"https://t.co/zmqolxgvfe",1,1
"#periscope",1,1
"https://t.co/2kyl98sizb",1,1
"wear",1,1
"gynecologist",1,1
"@welcome2yorks",1,1
"@carshare_atl",1,1
"released",1,1
"cakes",1,1
"affecting",1,1
"macdonald",1,1
"kafta",1,1
"#skateboarding",1,1
"https://t.co/sh5itjhbx1",1,1
"#photooftheday",1,1
"https://t.co/ef7u9pi02c",1,1
"#healthwelfare",1,1
"https://t.co/3oiwqw7wc9",1,1
"halifax,…",1,1
"trends",1,1
"forensic",1,1
"symmetrical",1,1
"@yhznow",1,1
"solutions",1,1
"@midnight",1,1
"death",1,1
"removed",1,1
"campaign",1,1
"partly",1,1
"barrington",1,1
"agreement",1,1
"34mm",1,1
"khyar",1,1
"#smdh20",1,1
"https://t.co/lsstiaw0pt",1,1
"#match17th",1,1
"https://t.co/exlyjepr5v",1,1
"#hfxburgerweek2020",1,1
"welcoming",1,1
"#everyoneseesbeautyindifferentthings",1,1
"handful",1,1
"tropicals",1,1
"#charityevent",1,1
"takeover",1,1
"south",1,1
"@nickhudsonhfx",1,1
"@chivestalkin",1,1
"defense",1,1
"cancel",1,1
"patrick",1,1
"malpractice",1,1
"4:30",1,1
"#whatsonleeds",1,1
"https://t.co/m8eoxflm9z",1,1
"#mining",1,1
"https://t.co/fagrgarhnp",1,1
"https://t.co/6r33qa6nlu",1,1
"tune-up",1,1
"#citb",1,1
"tarif",1,1
"#advice",1,1
"speak",1,1
"seeds",1,1
"community.don",1,1
"prof",1,1
"caption",1,1
"alleged",1,1
"#windsor",1,1
"#speeddating",1,1
"#protectourwomen",1,1
"https://t.co/mhuremm3dy",1,1
"#monochrome",1,1
"https://t.co/frb9xzmutu",1,1
"#homeheating",1,1
"https://t.co/7h7kulcxbe",1,1
"wholesome",1,1
"#feet",1,1
"friend’s",1,1
"tayla",1,1
"#amazon",1,1
"excitement",1,1
"sponge",1,1
"@nurseplusu",1,1
"seller",1,1
"@dalresidence",1,1
"dessert",1,1
"rest",1,1
"carrots",1,1
"begins",1,1
"analogue",1,1
"lake",1,1
"https://t.co/u4xglumf7r",1,1
"#qualityoflifesurvey2020",1,1
"https://t.co/g3nwntc7kv",1,1
"willow",1,1
"uncertainty",1,1
"#confirm",1,1
"fuels",1,1
"teeny",1,1
"@paulisci",1,1
"🕺and",1,1
"@dk_munro",1,1
"devin",1,1
"retaliated",1,1
"conform",1,1
"properly",1,1
"master",1,1
"7:00pm",1,1
"https://t.co/url507zsm8",1,1
"#rain",1,1
"https://t.co/njf90v1cur",1,1
"https://t.co/gefpfmzwn2",1,1
"https://t.co/9w7doqgghq",1,1
"winner",1,1
"#couchsurfing",1,1
"terrace",1,1
"exposure",1,1
"@qmjhl",1,1
"🥶❄️💦🏆🏅💪",1,1
"sessionwith",1,1
"@ellery_platts",1,1
"direct",1,1
"consultation",1,1
"#streetsofhalifax",1,1
"https://t.co/ve3fctmncl",1,1
"#realestatetips",1,1
"https://t.co/oe6hrefqnz",1,1
"#newbrunswick",1,1
"https://t.co/gwbp1fcna4",1,1
"#icestorm",1,1
"https://t.co/aahqwbqgl4",1,1
"#friday",1,1
"unprecedented",1,1
"#craneandhoist",1,1
"#attractions",1,1
"@roktclimbinggym",1,1
"shannon",1,1
"@gemmellemily",1,1
"discussing",1,1
"rich",1,1
"certificate",1,1
"blocking",1,1
"medical",1,1
"https://t.co/vuzvzvyywj",1,1
"#regina",1,1
"#newsletter",1,1
"https://t.co/hebszxolfe",1,1
"wore",1,1
"#gallery",1,1
"gearing",1,1
"#banks",1,1
"statue",1,1
"shaved",1,1
"district”",1,1
"plains",1,1
"boffins",1,1
"archie’s",1,1
"0.6c",1,1
"insense",1,1
"#tangier",1,1
"#researchmanager",1,1
"https://t.co/p0n5snwv6n",1,1
"https://t.co/hqr6cmunnk",1,1
"#internationalwomensday",1,1
"https://t.co/avpaovjd7h",1,1
"#gigphotographer",1,1
"farrah_moanz",1,1
"shirreff",1,1
"documentary",1,1
"cornwallis",1,1
"border",1,1
"arranged",1,1
"message",1,1
"instant",1,1
"#terracotta",1,1
"https://t.co/wv9dznj84w",1,1
"https://t.co/iblcivb1z7",1,1
"https://t.co/bbzeg82gfn",1,1
"wyse",1,1
"#gold",1,1
"homie",1,1
"#defensivetactics",1,1
"girl",1,1
"thursday",1,1
"#biganthology",1,1
"stop(🛑",1,1
"@smuhuskies",1,1
"@halifaxstreet",1,1
"rockbottom",1,1
"couldn’t",1,1
"plenty",1,1
"onions",1,1
"midget",1,1
"interferes",1,1
"https://t.co/xczhgh1gap",1,1
"https://t.co/pzr8vhwbce",1,1
"#novascotiawedding",1,1
"https://t.co/iuqiwcewq8",1,1
"#joinourteam",1,1
"https://t.co/bijow4fgwu",1,1
"#greatstorm",1,1
"hospice",1,1
"gmail",1,1
"#blomidonnurseries",1,1
"feds",1,1
"showtime",1,1
"doozy",1,1
"round",1,1
"raised",1,1
"cheticamp",1,1
"breast",1,1
"opportunities",1,1
"assistance",1,1
"invaluable",1,1
"https://t.co/qhw8if0l1k",1,1
"#kingscrossroad",1,1
"you’ll",1,1
"#djs",1,1
"tingley",1,1
"#bookstoread",1,1
"fermanagh",1,1
"striking",1,1
"easy",1,1
"rcmp",1,1
"chill",1,1
"poll",1,1
"minutes.#dartmouth",1,1
"19.4f",1,1
"iron",1,1
"https://t.co/jfigvhf5yr",1,1
"#lasereneltd",1,1
"https://t.co/cjbgvouneq",1,1
"zoom",1,1
"#halifaxjobs",1,1
"gravely",1,1
"study",1,1
"@989xfm",1,1
"crime",1,1
"rear",1,1
"cinema",1,1
"pose",1,1
"out😆😆",1,1
"aberdeenshire",1,1
"2-36",1,1
"italian",1,1
"#scifibook",1,1
"https://t.co/r0ozlkz2qq",1,1
"#operation",1,1
"https://t.co/jquq2qw3lg",1,1
"#leapyeardeal",1,1
"https://t.co/cuzalurbnt",1,1
"#halifaxpoli",1,1
"https://t.co/0hjgheplt0",1,1
"waiting",1,1
"#drhousemg",1,1
"gripping",1,1
"suji",1,1
"skateboard",1,2
"@jasonmanford",1,1
"salt",1,1
"cul-de-sac",1,1
"pouring",1,1
"bulking",1,1
"owned",1,1
"accommodation",1,1
"loretta",1,1
"jamie",1,1
"#tuesdaybookblog",1,1
"https://t.co/yosq7udv6g",1,1
"#seasonal",1,1
"https://t.co/rclvlsw8gv",1,1
"https://t.co/jwoff98lso",1,1
"tourism",1,1
"@tourismns",1,1
"skywalker",1,1
"dykes",1,1
"cutting",1,1
"redness",1,1
"préinscription ",1,1
"burrell",1,1
"packet",1,1
"明日になったら変わるんだろうな〜。",1,1
"loved",1,1
"23.4cm",1,1
"jessica",1,1
"#unitedkingdom",1,1
"https://t.co/z4m55rwfo1",1,1
"#shaunsimpsonphotography",1,1
"https://t.co/rlvw9tesvn",1,1
"https://t.co/kmdwvzttsd",1,1
"#liverpool",1,1
"https://t.co/dinkv7dqwf",1,1
"https://t.co/1mabzji9sa",1,1
"guilty",1,1
"traditional",1,1
"#canoeing",1,1
"supreme",1,1
"emma",1,2
"@lindellsmithhfx",1,1
"𝐍𝐀𝐌𝐄",1,1
"savour",1,1
"premier",1,1
"busting",1,1
"backrest",1,1
"additional",1,1
"lt;&lt",1,1
"25th",1,1
"jointing",1,1
"#victoriabc",1,1
"https://t.co/zlr3b3es6u",1,1
"#perfectpeople",1,1
"https://t.co/l1iolxvqje",1,1
"https://t.co/dt3m7f8rwi",1,1
"transplant",1,1
"#carpetcleanhudds",1,1
"suuuuurpise",1,1
"scheme",1,1
"pretend",1,1
"cake",1,1
"parents",1,1
"lynn",1,2
"junior",1,1
"#vocalist",1,1
"hugh",1,1
"#sitemanagers",1,1
"https://t.co/ecvlzfid7c",1,1
"#healthforall",1,1
"trend",1,1
"#cdneltchat",1,1
"sydney",1,1
"@yateshalifax",1,1
"solid",1,1
"@michaelsfabbri",1,1
"scotians",1,1
"@cdnencyclopedia",1,1
"removal",1,1
"participants",1,1
"mustard",1,1
"agree",1,1
"magic",1,1
"34.0mm",1,1
"#smartenergy",1,1
"https://t.co/syliqzsp9c",1,1
"https://t.co/ls96bg1ola",1,1
"#massagetherapy",1,1
"https://t.co/esyd3igsjy",1,1
"#hfxburgerweek",1,1
"weight",1,1
"#events",1,1
"handcuffing",1,1
"trolls",1,1
"#charityball",1,1
"fouler",1,1
"tailbone",1,1
"#aberdeenshire",1,1
"search",1,1
"deere",1,1
"reparations",1,2
"comfortable",1,1
"prizes",1,1
"patients",1,1
"nail",1,1
"kills",1,1
"#wetsuwetenstrong",1,1
"icing",1,1
"https://t.co/tdnw7cvfqw",1,1
"#mikmaki",1,1
"#hidingsidney",1,1
"https://t.co/6oaziihd5u",1,1
"#facial",1,1
"tuesday’s",1,1
"#citadelhill",1,1
"#adventure",1,1
"evaluate",1,1
"spatial",1,1
"@ns_archives",1,1
"seedlings",1,1
"@cjamieson88",1,1
"pebbles",1,1
"allegations",1,1
"5-10pm",1,1
"#wind",1,1
"#speed",1,1
"https://t.co/toai92ngvk",1,1
"#protectallwomen",1,1
"https://t.co/mh9donn8ss",1,1
"https://t.co/fo4pprvi96",1,1
"#homebuyer",1,1
"https://t.co/7ffqinicx0",1,1
"#cleckheaton",1,1
"friend/co-worker/date",1,1
"sell",1,1
"designer",1,1
"concern",1,1
"programme",1,1
"carrot",1,2
"percy",1,1
"implements",1,1
"#stadaconaband",1,1
"https://t.co/u11zaswap3",1,1
"#movies",1,1
"https://t.co/g1e0mzuqmd",1,1
"wildfire",1,1
"#fit",1,1
"unable",1,1
"#condo",1,1
"fuck",1,1
"spreads",1,1
"@pathways2equity",1,1
"🇨🇦⚓️🎵🎶",1,1
"@discoverhx",1,1
"resurrection",1,1
"catch",1,1
"personal",1,1
"massage",1,1
"https://t.co/uobcqagjuh",1,1
"https://t.co/njddtnc7ao",1,1
"#mythbusters",1,1
"https://t.co/geeg7pkr7p",1,1
"#foot",1,1
"hell",1,1
"unemployed",1,1
"#costumes",1,1
"#artist",1,1
"sessions",1,1
"@elevation_pics",1,1
"reverse",1,1
"constant",1,1
"proudly",1,1
"physiotherapist",1,1
"may-october",1,1
"#streetchecks",1,1
"#realestatehalifax",1,1
"#neurodiversity",1,1
"https://t.co/gsltxqo7ly",1,1
"#ice",1,1
"herring",1,1
"starlings",1,1
"@robertbigler",1,1
"shaming",1,1
"@fundraiser",1,1
"contraband",1,1
"pumped",1,1
"pictures",1,1
"#yoursolutionprovider",1,1
"info/tickets",1,1
"#reddress",1,1
"https://t.co/om4yh1aj5x",1,1
"https://t.co/hdaxobvio9",1,1
"#imyourrealtor",1,1
"https://t.co/adm7gmar4h",1,1
"#funny",1,1
"highlighted",1,1
"#curling",1,1
"gazebos",1,1
"#backstreet",1,1
"stations",1,1
"@schoonersatl",1,1
"distant",1,1
"riding",1,1
"plain",1,1
"boards",1,1
"meetup",1,1
"0.5c",1,1
"inscrivez-vous",1,1
"#research",1,1
"https://t.co/ozkhpjwt5e",1,1
"#international",1,1
"https://t.co/aue8xze96n",1,1
"worktops",1,2
"#dangeous",1,1
"gentleman’s",1,1
"thon",1,1
"farnborough",1,1
"@halifax",1,1
"doctors",1,1
"querido",1,1
"chardonnay",1,2
"plantpots",1,1
"booth",1,1
"offers",1,1
"armoyan",1,1
"menu.#halifax",1,1
"installment",1,1
"https://t.co/wub4jqyibq",1,1
"#rip",1,1
"https://t.co/pfgjufrxda",1,1
"https://t.co/i8pgah2ykz",1,1
"https://t.co/b2iqudsk8a",1,1
"vendors",1,1
"thunderbirds",1,1
"favourites",1,1
"quote",1,1
"chauffeurs",1,1
"middle",1,1
"interesting",1,1
"https://t.co/xaudqolp59",1,1
"https://t.co/pyz7mzu6sb",1,1
"https://t.co/iqeddkcwaz",1,1
"#bladdercancer",1,1
"@spreaker",1,1
"showing",1,1
"@hfxexaminer",1,1
"rough",1,1
"court",1,1
"breakfast",1,1
"operator",1,1
"millichope",1,1
"‘aaa’",1,1
"links",1,1
"13.2°c",1,1
"introductory",1,1
"#tickets",1,1
"https://t.co/xngqhhtcwh",1,1
"#safeplace",1,1
"https://t.co/qhoip7yaet",1,1
"https://t.co/j9jdccujyd",1,1
"#halifaxart",1,1
"hotstreak",1,1
"goodies",1,1
"#bookstore",1,1
"stretch",1,1
"@summernate",1,1
"sidney",1,1
"@hfxstanfield",1,1
"drama",1,1
"rude",1,1
"crane",1,1
"rates",1,1
"politics",1,1
"brilliantly",1,1
"origin",1,1
"#toques",1,1
"https://t.co/xz3eudn65u",1,1
"#savethechange",1,1
"https://t.co/qsarzobjgm",1,1
"#halifaxishot",1,1
"houses",1,1
"#donations",1,1
"toast",1,1
"#briangeorge",1,1
"fighting",1,1
"simmers",1,1
"@hxcourier",1,1
"@2doorsdownhfx",1,1
"real",1,1
"portel",1,1
"attractions",1,1
"https://t.co/yehmfjyjkm",1,1
"#sciencekids",1,1
"https://t.co/qzcc34dxlj",1,1
"https://t.co/jqgjwmv9cb",1,1
"https://t.co/0bx6brlnts",1,1
"#dresdenrow",1,1
"tons",1,1
"#building",1,1
"succulents",1,1
"@jaredkeeso",1,1
"druidess",1,2
"@aewrestling",1,1
"owed",1,1
"monaghan",1,1
"accident",1,1
"longtime",1,1
"https://t.co/yoqt80fggs",1,1
"#seafood",1,1
"https://t.co/rbwz1inazt",1,1
"#oshawa",1,1
"wanda",1,1
"#buyer",1,1
"fisheries",1,1
"superb",1,1
"@torontopearson",1,1
"skyline",1,1
"@katieelectricc",1,1
"@bankfieldmuseum",1,1
"cutest",1,1
"burnside",1,1
"➡️https://t.co/meadecaumj",1,1
"jedi",1,1
"#under5s",1,1
"#sharonporterfitness",1,1
"https://t.co/rkujnskhlp",1,1
"https://t.co/kiqphupirv",1,1
"https://t.co/dh2pen3cxq",1,1
"https://t.co/1g9ygio39n",1,1
"wars",1,1
"guides",1,1
"toying",1,1
"flipping",1,1
"@tylerjbjohnston",1,1
"emley",1,1
"slurp",1,1
"savings",1,1
"@brlive",1,1
"clock",1,1
"predictions",1,1
"businessman",1,1
"joins",1,1
"#veganramen",1,1
"https://t.co/zlaacbqkhx",1,1
"https://t.co/rvmwyrqufs",1,1
"#london",1,1
"https://t.co/drrqlza3nf",1,1
"#happydance",1,1
"ways",1,1
"transit",1,1
"#carejobs",1,1
"fmrac’s",1,1
"sushi",1,1
"endangered",1,1
"scheduled",1,1
"@caldindusmuseum",1,1
"relation",1,1
"club",1,2
"caffeinated",1,1
"advice",1,1
"lying",1,1
"huge",1,1
"#signsfromtheuniverse",1,1
"https://t.co/sc9tvunutw",1,1
"#photographerhalifax",1,1
"https://t.co/leuh9dswha",1,1
"#macdonaldbridge",1,1
"https://t.co/e4nnwmq2vy",1,1
"#healthcare",1,1
"https://t.co/38mk0plzdb",1,1
"#empuk",1,1
"tremendous",1,1
"ford",1,1
"swinamer",1,1
"@yahoouk",1,1
"scotiabank",1,1
"@ccohs",1,1
"dean",1,1
"remote",1,1
"cody",1,1
"calories",1,1
"partially",1,1
"mussels",1,1
"ラストの夜。",1,1
"madoff",1,1
"#wayctv",1,1
"hurricanes",1,1
"#smallbusiness",1,1
"https://t.co/lrhxmd8per",1,1
"#martellotower",1,1
"https://t.co/esxl0pwvkd",1,1
"https://t.co/4knkjulbh4",1,1
"hand-wringing",1,1
"triplex",1,1
"#charity",1,1
"tactical",1,2
"#52weekchallenge",1,1
"repairs",1,1
"pasta",1,1
"battle",1,2
"#wetsuwetensolidarity",1,1
"https://t.co/tazkqwijbk",1,1
"#plymouth",1,1
"https://t.co/m2scfvwo0g",1,1
"#midnight",1,1
"https://t.co/f4zvu1xsrz",1,1
"#hha2020",1,1
"https://t.co/62kqf7jlgn",1,1
"#facebook",1,1
"happened",1,1
"#cipd",1,1
"franklin",1,1
"#addiction",1,1
"@ns_advocate",1,1
"seed",1,1
"demonstrating",1,1
"pearl",1,1
"native",1,1
"alien",1,1
"manner",1,1
"konjac",1,1
"iihf",1,1
"https://t.co/tniry75rxf",1,1
"https://t.co/mgqtsukw7o",1,1
"#mohammeds",1,1
"https://t.co/fhejhmgwtt",1,1
"https://t.co/7cul8ask9l",1,1
"#fearlessfriday",1,1
"haven’t",1,1
"#airporttaxi",1,1
"selection",1,1
"deserved",1,1
"cares",1,1
"neuro",1,1
"#sprinter",1,1
"https://t.co/twhkcsauxb",1,1
"#qe2",1,1
"https://t.co/moq0gurafw",1,1
"#mothtattoo",1,1
"https://t.co/fznof6vnmp",1,1
"#housekeeping",1,1
"wilderness",1,1
"#fishing",1,1
"#commuterlife #novascotia #lovemycity #thisview #cau…",1,1
"exhibition—new",1,1
"resurrected",1,1
"propagation",1,1
"catalogue",1,1
"betty",1,1
"night…",1,1
"7-10",1,1
"incident",1,1
"#stickandpoke",1,1
"https://t.co/umcjxl2rdh",1,1
"https://t.co/nisav2tiqf",1,1
"#mycommunity",1,1
"#huawei",1,1
"https://t.co/9qhpixsjgc",1,1
"held",1,1
"fundraiser",1,1
"tenants",1,1
"explore",1,1
"@egypt_travels",1,1
"dinner",1,1
"northowram",1,1
"answer",1,1
"#strangelookingthings",1,1
"https://t.co/uxelsblqwy",1,1
"https://t.co/aafltn4u8i",1,1
"withdrawals",1,1
"unmentionable",1,1
"#craftbeer",1,1
"gambled",1,1
"fabulous",1,1
"starbucks",1,1
"@richardwarnica",1,1
"🥰💕🌌🌜",1,1
"@frky91",1,1
"rhodos",1,1
"pictured",1,1
"blanket",1,1
"applause",1,1
"mechanics",1,1
"902-407-3060",1,1
"leaning",1,1
"https://t.co/vtilhgrqoc",1,1
"https://t.co/okxahaep8h",1,1
"https://t.co/adbz8na5le",1,1
"#fun",1,1
"upside",1,1
"#curler",1,1
"thick",1,1
"ridiculous",1,1
"cookie",1,1
"board",1,1
"oasis",1,1
"arch",1,1
"meets",1,1
"inscrire",1,1
"https://t.co/wdzrjzomvr",1,1
"#ninja",1,1
"https://t.co/ho0xcpodad",1,1
"https://t.co/asgryoqurl",1,1
"#gettingby",1,1
"historical",1,1
"#danceathon",1,1
"genevieve",1,1
"farmers",1,1
"stephanie",1,1
"quench",1,1
"planting",1,1
"liberals",1,1
"1.4c",1,1
"installed",1,1
"https://t.co/wthovwfjds",1,1
"#rimouski",1,1
"https://t.co/pd0qdtmvcb",1,1
"https://t.co/i1achh1lgc",1,1
"vehicles",1,1
"#deals",1,1
"thugs",1,1
"#besafe",1,1
"stoop",1,1
"@sleemanbeer",1,1
"🟢⚪️🔴",1,2
"shore",1,1
"@halifaxpride",1,1
"robson",1,1
"pleasant",1,1
"oliver",1,1
"mid-season",1,1
"£165,000",1,1
"interest",1,1
"https://t.co/pwrxqdzydv",1,1
"https://t.co/ipy8v8yseo",1,1
"#gracias",1,1
"stories",1,1
"@sportsguardian",1,1
"🎵🎶🎷🎺🥁",1,1
"showers",1,1
"@hfxconventions",1,1
"dont",1,1
"rootabagga",1,1
"chef",1,1
"breads",1,1
"milk",1,1
"introduction",1,1
"#thursday…",1,1
"https://t.co/xixesxbi2k",1,1
"https://t.co/qh42z07gc0",1,1
"https://t.co/bqunbwadls",1,1
"#halifaxairport",1,1
"violence",1,1
"#diversitymatters",1,1
"goodbye",1,1
"#bookstagram",1,1
"easter",1,1
"sidewalks",1,1
"drag",1,1
"politicians",1,1
"brightening",1,1
"1800",1,1
"https://t.co/xz3eud5ugu",1,1
"#saveourwomen",1,1
"https://t.co/qpsplrk4mr",1,1
"#oceanic",1,1
"https://t.co/jfa8o4tbwh",1,1
"#landforsale",1,1
"https://t.co/cgy5qww8uz",1,1
"#breaking",1,1
"ecommerce",1,1
"@hrhbixby",1,1
"driv",1,1
"port",1,1
"outbreak",1,1
"attire",1,1
"lobster",1,1
"it/technology",1,1
"https://t.co/ydopsfgd7f",1,1
"#schoolclosure",1,1
"https://t.co/qyxdwvhvmm",1,1
"#onthisday",1,1
"https://t.co/cqwaqksibc",1,1
"https://t.co/021ehjq7lu",1,1
"#dragonquest",1,1
"#budthespud",1,1
"successful",1,1
"effort",1,1
"sizzling",1,1
"drug",1,1
"receipts",1,1
"poultry",1,1
"momentum",1,1
"longer",1,1
"jack",1,2
"#trumpet",1,1
"https://t.co/yo5fpfzm8e",1,1
"#se2020",1,1
"https://t.co/rbkootgnu6",1,1
"#leedsbusiness",1,1
"https://t.co/d5sx1q9ej9",1,1
"#halifaxtaxi",1,1
"walls",1,1
"#drums",1,1
"grow’",1,1
"tough",1,1
"#butterflytattoo…",1,1
"first-degree",1,1
"@tonymancini_ns",1,1
"skincare",1,1
"@justin_newhook",1,1
"dwellings",1,1
"moofah",1,1
"aches",1,1
"22nd",1,1
"https://t.co/yybjmrjlf4",1,1
"#shannex",1,1
"#halifaxweddings",1,1
"https://t.co/1fzb65axyp",1,1
"warned",1,1
"toxicologist",1,1
"#candles",1,1
"flight",1,2
"supports",1,1
"emerging",1,1
"@lakings",1,1
"𝕊𝕥𝕣𝕖𝕖𝕥",1,2
"saving",1,1
"@brianer",1,1
"businesses/restaurants",1,1
"backlands",1,1
"mouthing",1,1
"25-50+",1,1
"#vegan",1,1
"https://t.co/zj4qyqz8uv",1,1
"https://t.co/rshkuyzkc1",1,1
"#pei",1,1
"https://t.co/kzugknimxk",1,1
"https://t.co/drppnbyqc3",1,1
"https://t.co/2jlhvxyfrj",1,1
"transformed",1,1
"flying",1,1
"susan",1,1
"@vv_sre",1,1
"snow-depth",1,1
"@lucianorad",1,1
"scenes",1,1
"clough",1,1
"cacti",1,1
"paper",1,1
"bakers",1,1
"lunchtime",1,1
"https://t.co/zxzipvxkjh",1,1
"#signs",1,1
"#photo",1,1
"https://t.co/e4msesugni",1,1
"#headofjeddore",1,1
"https://t.co/2x1bzdblyt",1,1
"#elopementphotographer",1,1
"#cbpoli",1,1
"swimming",1,1
"@xx_emilymarie",1,1
"soil",1,1
"@meethalifax",1,1
"@cckc889",1,1
"deals",1,1
"reminder",1,1
"coconut",1,1
"pricing",1,1
"parks",1,1
"barfed",1,1
"musicians",1,1
"ホストファミリーとご飯を食べ、今からお世話になった友達の所へ最後の挨拶。",1,1
"31km/h",1,1
"kevin",1,1
"hurricane",1,1
"#smallbiz",1,1
"#pier21",1,1
"https://t.co/loi0ezvo1b",1,1
"#hfx…",1,1
"https://t.co/4jszigcesx",1,1
"triple",1,1
"#champions",1,1
"forum",1,1
"#52for2020",1,1
"sort",1,1
"sealed",1,1
"@charity",1,1
"declining",1,1
"renting",1,1
"canadá",1,1
"passion",1,1
"nafees",1,1
"airing",1,1
"#wet",1,1
"#snowdrift",1,1
"https://t.co/t8s9fq7oip",1,1
"#microsoft",1,1
"https://t.co/5wz3ha2sju",1,1
"handy",1,1
"tues",1,1
"#chowder",1,1
"frame",1,1
"estimated",1,1
"@novacentre",1,1
"💁🏻‍♀️",1,1
"security",1,1
"delighted",1,1
"committee",1,1
"alfred",1,1
"managers",1,1
"knew",1,1
"#willbeworthit",1,1
"ignorant",1,1
"#spa",1,1
"https://t.co/tndmynxd6l",1,1
"#promo",1,1
"https://t.co/mfyqq7wzdz",1,1
"#mnhegypt",1,1
"https://t.co/fgv4ummyw8",1,1
"#holidaytravel",1,1
"https://t.co/71puqkpwn0",1,1
"whiskey",1,1
"hate",1,1
"#clearview",1,1
"#airportcab",1,1
"segway",1,1
"responders",1,1
"lacrosse",1,1
"#springgardenroad",1,1
"https://t.co/tw11qylwfr",1,1
"#qatar",1,1
"https://t.co/fxauqfxv50",1,1
"#fireecology",1,1
"#community",1,1
"frozen",1,1
"technical",1,1
"#annlister",1,1
"@ohsinsider",1,1
"@deancloughhfx",1,1
"confirm",1,1
"prone",1,1
"persian",1,1
"bestseller",1,1
"animation",1,1
"landscape",1,2
"#workfromhomelife",1,1
"#steelehyundai",1,1
"https://t.co/ulakfvkqs3",1,1
"https://t.co/nhoohktcsc",1,1
"#mussels",1,1
"https://t.co/gbsfmhlhos",1,1
"#hrp",1,1
"https://t.co/9or8wrd5hc",1,1
"windows",1,1
"#fmrac2020",1,1
"understanding",1,1
"#copyright",1,1
"#armoyan",1,1
"@easter",1,1
"protocol",1,1
"physical",1,1
"north",1,1
"matthew",1,1
"78km/h",1,1
"laugh",1,1
"indigenous",1,1
"#stpatricksday",1,1
"https://t.co/uxdnlerxuc",1,1
"#readerswanted",1,1
"https://t.co/oc3tpsojjd",1,1
"#ndn",1,1
"wishing",1,1
"#freezingforareason",1,1
"gamble",1,1
"#atlantic",1,1
"star",1,1
"disco",1,1
"rhododendrons",1,1
"blanked",1,1
"appearance",1,1
"9:30am",1,1
"#yorkshirelife",1,1
"influx",1,1
"https://t.co/vskkuik4mw",1,1
"https://t.co/ohtrbc3dtr",1,1
"https://t.co/hbqz5io8ju",1,1
"#immigration",1,1
"https://t.co/aczbvfoyof",1,1
"gatherings",1,1
"theseahorsetavernhfx",1,1
"#backchatbrass",1,1
"@savourfw",1,1
"@globalnews",1,1
"disruption",1,1
"riders",1,2
"cooked",1,1
"o\'clock",1,1
"meetings",1,1
"leek",1,1
"https://t.co/wccizuxqz6",1,1
"https://t.co/oxow7z6khg",1,1
"#nikond5300",1,1
"#indoorplants",1,1
"https://t.co/aqnghpn8sl",1,1
"this....yet",1,1
"step",1,1
"@shawncleary",1,1
"@gunsnroses",1,1
"docs",1,1
"core",1,1
"queensoftheglamazon",1,1
"chapters",1,1
"offered",1,1
"arguments",1,1
"liberal",1,1
"#tdblackhistorymonth",1,1
"#rilakkuma",1,1
"https://t.co/pcvmvlt9cl",1,1
"#nopower…",1,1
"https://t.co/hzwy8h8m6r",1,1
"#isthisajoke",1,1
"homelessness",1,1
"#deal",1,1
"#benefits",1,1
"stood",1,1
"@signalhfx",1,1
"🙌🙌🥍🍻🏟",1,1
"correctly",1,1
"quits",1,1
"£100,000",1,1
"likes",1,1
"interactive",1,1
"#theacesafsltd",1,1
"#rockbottombrewpub",1,1
"https://t.co/ija4utecqz",1,1
"https://t.co/bgcw3cp9xp",1,1
"#gottowaitages",1,1
"hopes",1,1
"viciousness",1,1
"#developmentland",1,1
"glad",1,1
"ticketed",1,1
"febrero",1,1
"storeys",1,1
"@specialons..#letsdothis",1,1
"radio/light/charger",1,1
"brazilian",1,1
"military",1,1
"lineups",1,1
"https://t.co/xiq2xvunhw",1,1
"#sabotagetagteam",1,1
"https://t.co/qftx2cq7xh",1,1
"#nscraftbeer",1,1
"https://t.co/j3f6xlyhrk",1,1
"https://t.co/bptgyc4dkn",1,1
"york",1,1
"viola",1,1
"fellow",1,1
"@steeleautogroup",1,1
"royalties",1,1
"crack",1,1
"brighten",1,1
"organized",1,1
"mining",1,1
"1700s",1,1
"investment",1,1
"#topherd",1,1
"https://t.co/xv4mbd2bjt",1,1
"#saturdaydeal",1,1
"https://t.co/qozoqzhp4r",1,1
"#nswx",1,1
"https://t.co/jdsld4xj1g",1,1
"houseplants",1,1
"visiting",1,1
"granite",1,1
"to...halifax",1,1
"drinking",1,1
"credit",1,1
"chowder",1,1
"popularity",1,1
"browns",1,1
"attended",1,1
"missed",1,1
"また明日ね〜！的なノリで終わりそう😭",1,1
"it/is",1,1
"#track",1,1
"https://t.co/ych9457phg",1,1
"https://t.co/jocmt7gzkc",1,1
"https://t.co/cqcsjc1eby",1,1
"https://t.co/01fytxhr9t",1,1
"substantial",1,1
"@thenslc",1,1
"effective",1,1
"@instagram",1,1
"drove",1,1
"crosswalk",1,1
"receipt",1,2
"cities",1,2
"overgate",1,1
"authority",1,1
"moment",1,1
"long-term",1,1
"20-year-old",1,1
"j-bombs",1,1
"#trombone",1,1
"https://t.co/ylx5ef2hpw",1,1
"#sculptures",1,1
"https://t.co/jtndzzohza",1,1
"#leedsbeeston",1,1
"https://t.co/d4mvadjkog",1,1
"#halifaxtattoos",1,1
"https://t.co/0ofwqgnh2q",1,1
"#dronephotography",1,1
"firm",1,1
"@timelapsepics",1,1
"skin",1,2
"@jonathan_norcum",1,1
"duncan",1,1
"sarahellenmorrison",1,1
"burned",1,1
"montreal",1,1
"accusing",1,1
"lotto",1,1
"#twitchstreamer",1,1
"https://t.co/yxvntrh8py",1,1
"#service",1,1
"https://t.co/risvsh1shf",1,1
"https://t.co/k219achgwk",1,1
"https://t.co/dgcdxcpdcm",1,1
"#halifaxweddingphotographer",1,1
"https://t.co/1cwltoz2c4",1,1
"warming",1,1
"towns",1,1
"flexicard",1,1
"supporting",1,1
"emergency",1,1
"@ktrevorwilson",1,1
"𝕆𝕥𝕙𝕖𝕣",1,1
"save-a-life",1,1
"daily",1,1
"regenerate",1,1
"precip",1,1
"businesses",1,1
"backing",1,1
"mouth-watering",1,1
"249,900",1,1
"https://t.co/zh6ac5ww82",1,1
"#shibdenpark",1,1
"https://t.co/rqdrcd7g6f",1,1
"#localreatlor",1,1
"#handpoke",1,1
"wave",1,1
"survives",1,1
"encourages",1,1
"@lotsixbar",1,1
"baguette",1,1
"lunch",1,1
"28th",1,1
"#visitngfamily",1,1
"#sickandtired",1,1
"https://t.co/s9wlnjnmdt",1,1
"#loyalists",1,1
"#headaches",1,1
"#elland",1,1
"#catusgems",1,1
"swim",1,1
"@wyp_halifax",1,1
"@mdclaw",1,1
"score",1,1
"dealing",1,1
"remembering",1,1
"mackay",1,1
"31.0mm",1,1
"#walmart",1,1
"hurling",1,1
"#slime",1,1
"https://t.co/sv58q4bsoh",1,1
"#piecehallhalifax",1,1
"https://t.co/lo1of6uqwx",1,1
"https://t.co/eqqll8bh19",1,1
"#escort",1,1
"halwa",1,1
"fortunately",1,1
"table",1,1
"#2020",1,1
"ensures",1,1
"sooooooooo",1,1
"@msvu_halifax’s",1,1
"@chaptersindigo",1,1
"basis",1,1
"37km/h",1,1
"ibi group",1,1
"https://t.co/t8eeuyk81y",1,1
"https://t.co/f0fau7bnsk",1,1
"#hfxseaportmarket",1,1
"https://t.co/5usfvlmvcs",1,1
"#explorehalifax",1,1
"#chickenburger",1,1
"fourth",1,1
"#accessibility",1,1
"spacious",1,1
"@northernassist",1,1
"🏒✨👠⛸️",1,1
"candles",1,1
"payroll",1,1
"beaches",1,1
"alex",1,1
"48km/h",1,1
"kitty",1,1
"#wild",1,1
"#southowram",1,1
"#mmw",1,1
"https://t.co/6y1wnm7nhh",1,1
"hasn’t",1,1
"#cleantech",1,1
"tattoos",1,1
"speed",1,1
"@nsnaturetrust",1,1
"📢#psmw",1,1
"seeks",1,1
"@corrymackinnon",1,1
"profitez",1,1
"pelvic",1,1
"beef",1,1
"nervous",1,1
"amazon",1,1
"maritime",1,1
"lack",1,1
"#winning",1,1
"#splishsplash…",1,1
"https://t.co/tvorhdvsr8⬅️",1,1
"#purpleflag",1,1
"https://t.co/mngxlzspj9",1,1
"#mortgagebroker",1,1
"#homeseller",1,1
"https://t.co/7uwnxg2tuw",1,1
"exhausts",1,1
"@ohscanada",1,1
"semifinals",1,1
"details.💎",1,1
"restore",1,1
"cast",1,1
"bertie",1,1
"angles",1,1
"lands",1,1
"#work",1,1
"in-store",1,1
"#stc",1,1
"https://t.co/ujsa7i3it6",1,1
"#quinpool",1,1
"https://t.co/ndn6sfe45f",1,1
"#musicians",1,1
"https://t.co/gbmj2mekkd",1,1
"heeeere",1,1
"#archives",1,1
"expert",1,1
"🤦🏾‍♀️🤦🏾‍♀️",1,1
"difficult",1,1
"retweet",1,1
"protection",1,1
"bills",1,1
"normal",1,1
"announcing",1,1
"75km/h",1,1
"incredible",1,1
"#rcmpns",1,1
"#ncca",1,1
"https://t.co/gqag0uv6sv",1,1
"wires",1,1
"here☎️➡️",1,1
"unknown",1,1
"testing",1,1
"#assist2sellnovascotia",1,1
"extremes",1,1
"sex”",1,1
"continue",1,1
"center",1,1
"blacks",1,1
"#submetering",1,1
"https://t.co/vptke7bq7h",1,1
"#recognition…",1,1
"https://t.co/ohfcphokus",1,1
"#newfoundland",1,1
"https://t.co/habcak01az",1,1
"#imawakenow",1,1
"#fridaywanderings",1,1
"there’s",1,1
"fair",1,1
"state",1,1
"pursue",1,1
"leban",1,1
"injury",1,1
"#surgery",1,1
"https://t.co/wagkrcerfc",1,1
"https://t.co/ow6jd0xx4a",1,1
"#nikon",1,1
"https://t.co/hicln47fmu",1,1
"#indigenous",1,1
"https://t.co/aqkwq1mi66",1,1
"workout!...seems",1,1
"#dalsweetdal",1,1
"generally",1,1
"thirty",1,1
"#barnsley",1,1
"stellar",1,1
"@shannon_newton",1,1
"shell",1,1
"@granthamtownfc",1,1
"cora",1,1
"queen",1,1
"chapter",1,1
"plans",1,1
"booked",1,1
"https://t.co/wpefjzubj5",1,1
"https://t.co/pa2fujqd81",1,1
"https://t.co/hwgm173j6y",1,1
"#irish",1,1
"worst",1,1
"#dartmouthrealestate",1,1
"gillard",1,1
"#beersale",1,1
"father",1,1
"stone",1,1
"🏙#halifax",1,1
"shooting",1,1
"@halifaxmagazine",1,1
"dolled",1,1
"charming",1,1
"ohhhhh",1,1
"arriving",1,1
"mi\'kmaw",1,1
"#thanksproskate",1,1
"https://t.co/wydkdvfhrt",1,1
"https://t.co/ptvcm9bqt8",1,1
"https://t.co/igtufdltp1",1,1
"#jobopportunity",1,1
"#goodpay",1,1
"veteran",1,1
"@hardcastlent",1,1
"county",1,1
"cheering",1,1
"ashley",1,1
"milestones",1,1
"12ks",1,1
"#throwbackpic",1,1
"https://t.co/xi1rdweica",1,1
"#rotherham",1,1
"https://t.co/j2tutq7g3n",1,1
"https://t.co/bphlrnjsr3",1,1
"yogagiveaway",1,1
"#halifax…",1,1
"vinegar",1,1
"tightly",1,1
"fees",1,1
"easier",1,1
"@hfxrec",1,1
"royal",1,1
"rank",1,1
"chided",1,1
"bridge",1,1
"organization",1,1
"listening",1,1
"16.7°c",1,1
"https://t.co/xuqaruatxk",1,1
"https://t.co/qowirc5x2z",1,1
"https://t.co/jcmm59u2wo",1,1
"youtube🎥🔎https://t.co/3g7nlsqaxt🎬",1,1
"visited",1,1
"tix/info",1,1
"#bravozulu",1,1
"struggling",1,1
"ebook",1,1
